school,enum,giftpercentage
902344,220,30
19186,195,10
43362,165,20
54542,150,20
490822,455,10
137967,180,35
285552,120,25
891347,330,30
93548,275,20
900869,55,40
101214,105,10
161276,295,10
165042,210,10
908010,290,20
186783,140,5
202614,525,8
227331,290,10
230561,235,20
237191,255,20
278270,175,15
302350,170,15
920533,815,20
18309,135,20
926086,105,35
195200,185,10
410870,225,20
434922,165,20
442054,225,10
462616,280,20
468339,255,10
485497,185,20
515396,105,20
530603,100,20
958050,770,19
106913,90,30
548413,285,10
551660,165,20
895270,140,45
953148,475,35
144872,70,30
765031,240,20
827681,390,10
708011,330,20
715298,1070,27
717703,130,15
865257,110,20
719919,215,20
735523,275,15
724068,245,15
728420,270,5
773875,395,15
835099,430,20
742279,170,20
746568,265,20
746690,180,15
706264,495,10
752932,1010,29
756830,140,15
764370,140,10
868370,55,20
781142,150,15
756642,275,30
796220,255,15
815330,365,15
830984,445,20
823570,350,20
831840,410,15
865125,105,15
834688,620,14
841773,240,10
706744,175,30
842761,140,20
841358,310,30
845493,305,15
851752,705,24
856150,250,20
19313,395,10
893048,305,0
28673,375,5
39306,465,10
272319,135,10
66699,210,10
899569,430,20
93718,215,10
112917,300,20
145912,210,15
175170,335,5
190527,340,10
953776,605,26
181908,175,20
450242,145,30
913600,400,25
478133,530,9
242527,190,10
268003,340,10
268640,260,10
273694,345,5
923095,945,20
163619,300,5
285535,465,5
517103,455,10
366021,285,10
135064,150,10
927120,325,10
372781,165,10
406040,165,10
459441,615,10
578519,155,10
490040,135,15
504475,300,10
507725,175,15
943118,430,30
469900,175,20
523267,155,10
528650,190,10
944807,455,20
100438,135,15
535508,180,20
531073,290,10
945587,805,15
531090,170,30
945714,815,24
566667,575,6
417556,65,0
10472,225,10
11606,155,10
22322,375,15
552585,505,12
340804,210,10
67709,205,10
896969,65,30
169200,335,20
135143,230,0
458554,230,0
331307,825,13
167649,200,10
293776,265,15
524239,325,10
180789,305,20
925438,335,30
914444,625,28
281131,360,20
253316,335,10
152820,310,15
257168,110,15
257869,605,24
262935,280,5
273775,325,20
7681,145,30
915556,590,35
291030,330,5
919454,500,28
293750,370,10
323900,140,15
198978,535,10
364290,165,10
401129,190,15
403741,460,5
93939,380,10
951692,1205,33
431028,135,10
605743,330,20
953253,175,30
450910,710,12
484970,280,10
940127,610,28
155683,390,20
531146,360,10
540200,155,10
569565,400,20
950262,420,40
688088,1545,20
690015,210,10
696900,175,20
714453,220,20
716960,140,10
720232,995,15
750259,355,10
736481,280,10
739200,310,15
743968,95,10
749125,325,5
753084,130,15
762756,310,10
759309,165,10
751898,1080,15
704940,485,10
779067,220,5
782050,120,10
789984,300,10
793256,410,10
810827,530,9
818453,325,10
831450,140,15
834831,105,15
834963,240,5
840530,130,10
840556,180,10
844977,170,10
846791,305,15
850950,125,10
853038,170,10
721255,280,20
711985,305,25
710296,125,20
737399,565,28
759430,695,29
732133,120,30
864218,80,10
774332,460,25
776602,405,5
751464,205,30
776599,950,21
705098,135,25
732800,270,20
689610,305,35
715131,540,15
828203,380,20
821553,150,20
715190,520,33
696269,170,20
691127,125,25
753670,425,20
736457,500,35
697630,165,35
741361,225,10
750646,190,20
759040,375,35
758787,80,30
769312,205,30
771651,260,15
788686,75,20
806102,125,45
751502,270,35
792365,120,40
792322,110,25
791938,435,30
803022,305,10
804800,385,40
802700,350,20
806277,695,30
725374,185,25
813907,335,20
736201,265,15
824593,425,30
828726,150,25
828874,260,30
828980,185,25
830283,240,20
726176,115,100
832502,205,20
832480,445,30
753602,295,20
844713,200,30
773450,425,10
680764,110,35
767431,225,40
803065,105,100
814555,395,25
733067,440,30
773026,240,35
23549,205,5
199761,120,0
165468,190,0
165409,290,10
918997,165,10
117382,115,10
310415,90,10
907553,50,20
910554,185,20
914723,105,15
907308,100,10
907642,370,10
934852,120,20
896889,90,0
925326,115,20
901037,175,10
952803,165,20
961008,120,15
907588,290,10
156167,185,0
165441,405,5
447621,390,5
4367,85,20
194069,195,10
165212,175,15
497134,310,10
572312,75,10
156264,70,20
165417,185,5
282260,420,10
156183,230,5
165395,220,10
156256,400,10
419354,160,10
165450,145,5
302481,140,10
19735,495,5
191313,270,10
32247,330,5
165000,180,5
309192,280,5
442869,55,20
539105,310,5
311090,155,10
480785,105,5
10340,270,5
328910,180,0
157909,110,0
232544,55,10
164941,150,10
619655,235,10
42108,110,5
165484,280,10
165476,400,5
165425,230,10
412543,95,20
298133,320,0
530476,215,10
588462,160,5
298572,60,10
629646,180,10
426502,170,5
186910,155,10
705128,130,20
766928,130,10
705497,170,25
849732,115,10
750468,260,20
739984,285,10
704997,255,20
735092,145,20
781231,90,20
772491,360,10
839486,300,10
683922,225,20
733458,205,15
740390,285,20
846041,75,10
751073,335,20
705357,475,15
706477,330,15
691950,190,20
782017,400,30
790001,475,15
865368,310,10
789369,340,10
694100,305,10
699764,335,10
707910,390,15
707970,340,10
722510,200,20
837115,175,10
689705,280,10
795917,325,10
705411,180,10
733555,245,10
690007,440,10
729949,195,10
737330,215,10
732080,225,10
828752,145,10
738166,270,15
738190,145,20
773943,260,10
705330,280,10
774642,90,20
815640,165,15
802662,215,15
800490,390,5
788438,270,0
798223,170,5
810398,155,30
819026,100,25
841308,210,5
694632,395,10
837180,290,10
845744,180,10
842524,190,10
848808,270,10
861529,70,20
690740,355,10
862525,295,10
730211,190,5
822671,260,10
838632,130,20
773557,435,5
822000,430,10
725714,55,20
758965,130,15
760021,125,0
861391,160,10
755532,155,10
727270,255,20
342432,70,10
568961,185,15
332100,50,0
460338,70,10
242853,60,20
157325,295,10
408735,315,15
282898,90,10
327425,175,25
164909,155,15
174882,275,10
539197,100,15
907448,95,40
907570,340,30
67321,425,10
199737,275,25
165182,280,25
314242,315,20
469165,55,30
156230,75,30
902306,55,30
922870,80,50
918296,50,10
919055,70,40
946117,90,50
909335,55,60
111532,130,20
260926,130,20
848662,140,15
685011,470,30
697605,175,25
710660,315,30
701580,60,20
753068,230,20
854590,255,25
858366,140,35
860441,85,30
730335,225,20
781255,280,15
712592,275,15
718815,85,20
804392,265,20
733228,230,25
770396,145,25
767894,120,30
728807,315,20
723592,210,20
704920,425,15
728330,495,20
725684,380,30
752908,160,25
695050,550,26
752720,240,20
713740,390,25
705225,90,10
698202,85,10
753297,215,15
754102,635,16
725668,125,10
861367,385,10
737208,310,15
707465,115,10
750034,285,30
698075,160,15
766321,70,10
795186,145,15
798304,155,25
799998,210,15
753840,250,10
813257,180,15
697680,195,10
841595,170,25
857327,355,10
857459,230,10
697940,190,10
699373,255,10
863696,645,15
840947,470,20
860443,180,20
738417,90,20
808440,50,10
787779,300,15
860515,95,20
701718,130,30
705949,95,0
686638,210,5
686760,290,15
687677,175,10
687936,145,15
815377,100,20
685186,290,10
707996,55,20
723290,155,15
723169,170,10
805580,95,0
807796,250,10
724157,105,15
798401,180,10
705322,290,25
835358,370,10
785466,110,15
853291,95,20
787124,250,10
794708,140,15
815985,150,5
707309,75,10
819107,190,30
860310,65,10
863823,120,10
698725,210,20
711110,250,30
822507,250,30
864650,605,20
705020,70,30
767978,60,20
705276,470,25
752550,500,14
750107,240,30
752576,355,25
696030,105,20
705241,120,15
752899,335,20
685986,365,20
718973,425,20
751120,380,25
855949,70,10
705314,850,22
705373,75,70
694827,475,20
695955,730,24
705233,880,15
710903,710,18
696021,200,25
750085,135,20
846435,405,15
758231,465,20
832670,690,13
735632,205,10
731385,530,11
705047,410,15
866248,125,5
769765,705,9
705390,510,10
741671,335,20
764264,160,20
703168,440,20
705055,440,10
864730,390,10
701688,280,25
722901,195,10
705136,305,15
696005,535,12
701670,215,25
865648,385,10
725536,395,10
734314,400,15
753157,280,10
705420,310,10
732397,600,13
761251,150,20
735920,375,5
796656,415,10
688762,445,20
705365,230,20
753203,190,25
793027,345,10
701971,210,15
156159,395,5
703095,325,10
752625,475,20
860573,220,20
709387,385,5
861871,625,6
733402,430,10
730980,80,10
709646,195,20
740845,120,20
861480,550,14
703753,360,10
725633,435,10
786634,345,10
698989,560,9
871029,440,10
774379,270,10
809390,160,10
696048,220,20
707511,50,20
704989,55,20
705004,65,20
704970,55,20
771473,430,10
705110,205,25
707449,300,15
738379,95,0
737070,275,20
738506,135,10
754757,105,20
774480,115,20
775169,240,10
786470,395,10
787329,170,10
761125,135,5
806625,180,10
808180,180,10
811599,65,30
705403,155,10
846449,220,15
862886,330,20
762946,115,20
811173,115,5
789607,160,20
705970,445,20
704717,500,30
728772,740,26
708500,220,25
705438,80,30
791601,90,30
707015,275,35
866569,95,30
707880,430,15
708054,385,15
732400,540,11
797359,415,10
695025,240,15
765865,80,20
705349,470,20
768138,95,20
774901,280,10
787515,270,10
791288,140,30
792187,75,20
804150,415,15
715539,410,5
832626,535,14
863009,110,30
845639,135,20
855375,260,15
861170,275,30
730327,440,10
822540,360,10
863394,540,16
863726,190,10
728659,150,25
701777,315,5
761907,485,15
922609,400,0
907430,950,18
912662,665,16
898582,80,10
920550,155,15
907464,135,20
949540,285,15
904945,485,10
901539,70,20
930144,215,25
907421,360,15
488291,380,10
412597,595,8
230,310,10
79839,230,10
138681,565,17
417726,435,5
419796,610,6
204986,510,7
215970,385,10
194239,430,10
287180,570,6
196502,230,20
302864,95,20
156108,565,11
439568,290,5
540030,410,10
313190,160,20
323187,285,10
242420,190,5
384771,445,5
164852,345,5
247352,695,8
156051,195,5
327445,675,5
530457,355,10
250627,275,20
156035,210,10
208944,125,10
383392,515,6
195774,365,10
383376,120,30
559458,530,7
590,335,5
890200,1240,17
505005,175,10
894109,460,40
70661,150,20
73784,205,10
84700,220,25
94978,485,10
105767,225,25
121754,255,25
235750,490,10
547449,230,20
935455,200,30
131890,415,10
139823,240,30
1793,370,30
156418,265,30
906328,780,18
906972,340,60
907677,935,18
165956,230,25
195596,405,20
197416,350,15
326785,715,14
207810,220,15
210358,495,15
218600,215,20
201138,380,20
221856,510,15
914010,815,14
225754,165,15
226556,235,15
228010,385,15
897646,950,25
229520,320,25
914517,915,17
294037,685,23
254223,235,25
281000,245,15
281654,305,25
264237,590,14
1649,535,17
283991,165,20
287660,505,14
304921,410,20
921750,595,23
922854,185,0
313114,320,20
318086,370,10
344834,275,15
352500,430,20
382868,335,10
414514,335,20
414905,175,20
417521,210,15
419320,345,10
433357,140,10
436747,315,20
557773,415,20
514780,365,10
449350,300,35
935700,410,40
451568,295,10
452084,360,15
455989,410,20
456110,470,10
455075,220,20
455202,160,25
457540,410,25
458066,385,25
461415,325,20
483117,555,19
485365,345,20
491861,210,20
505382,545,18
514748,160,15
942464,970,15
517453,375,10
117722,415,15
944157,555,56
529648,315,10
945064,585,46
535419,195,15
536636,305,10
948055,625,30
254519,500,15
569348,240,25
573507,75,10
947180,910,16
156841,275,10
598984,285,20
952214,675,19
602493,220,30
607436,210,20
510530,270,20
581178,210,20
618870,150,25
45578,235,5
97969,285,0
902292,185,30
114073,380,25
140210,95,40
908924,125,40
181552,200,15
619738,55,40
193771,125,35
221554,195,30
76104,110,25
918288,155,40
600222,50,30
347957,95,20
919063,185,30
291048,55,20
296600,100,30
920363,345,40
384224,395,20
445061,195,25
468371,260,30
943509,245,50
428797,120,30
502030,150,40
946940,530,40
50571,130,25
270291,495,0
948578,610,26
361747,330,20
685461,340,15
687308,795,19
689556,385,10
682438,340,10
693715,490,5
749813,1340,14
850888,1220,16
697095,250,20
701807,255,20
703222,455,5
696307,295,15
706337,280,10
857238,345,10
730441,550,15
706957,1220,10
708038,305,10
708070,365,10
708143,515,12
714909,545,11
716405,355,10
718114,725,7
819219,360,10
722790,740,18
724564,770,17
726494,495,25
798118,1120,15
730742,245,15
731447,500,10
690694,1550,13
742171,295,20
742821,180,15
782606,280,10
747440,300,10
742333,1520,18
749087,370,15
747882,595,15
750042,155,15
751430,1020,19
752029,345,20
753211,965,16
867942,225,10
759481,425,10
770434,295,10
766364,540,14
759562,405,10
767255,1745,18
772496,435,15
770620,490,10
771759,555,16
773530,415,10
775606,985,20
776092,270,10
776742,495,10
777528,275,5
780804,280,10
781401,580,9
781819,315,15
783870,465,10
784290,290,30
785393,655,9
785997,215,20
786730,325,20
690031,255,15
788511,1795,18
787647,345,15
789143,335,15
789763,415,10
792586,440,10
792594,1875,11
792020,505,10
794791,290,35
795852,555,11
796468,205,10
797316,370,15
797278,275,15
798274,455,10
800465,370,10
801100,275,15
801178,670,12
690708,310,10
803502,575,17
801577,260,10
680435,425,20
806889,215,15
806919,1310,13
811041,330,20
816396,330,10
800007,440,15
816906,260,30
818500,340,10
819883,185,15
819433,445,10
821381,1800,16
750298,615,10
822639,240,10
822655,1525,14
821365,330,10
823090,310,0
823953,1090,18
824950,280,25
832308,325,10
835536,435,10
836036,585,22
839256,270,10
841730,475,20
843547,305,20
845779,355,15
846473,460,20
847933,290,10
848751,385,10
848930,270,20
849286,545,13
850071,380,10
850217,575,19
850365,290,20
850403,545,6
851000,360,10
851299,435,15
852651,560,13
854530,1845,14
856207,600,13
856673,635,16
856959,500,10
858420,665,14
857165,420,15
865362,180,20
683246,490,15
715030,320,15
812896,710,18
775797,410,20
738857,680,15
684199,375,10
783161,205,10
807712,435,10
860217,415,5
681937,315,10
706631,235,10
776175,445,15
696056,1090,12
723967,445,20
750557,660,17
724106,200,10
721020,605,7
688182,515,11
864570,1175,16
736228,255,40
784979,1450,16
733229,240,10
863785,365,10
843466,200,15
706418,460,10
685984,885,20
860676,155,10
703923,655,28
871140,395,10
706990,350,20
710083,970,16
710954,195,15
720313,90,20
735060,385,40
826211,150,45
741310,880,26
845884,240,20
738050,1100,14
764434,260,20
771406,285,15
777242,625,12
762083,280,10
691259,410,10
781282,360,10
784133,510,11
789178,710,10
791806,180,20
796352,95,20
798258,555,10
798460,415,10
803057,535,12
806972,390,10
724084,195,10
805327,340,10
811696,325,10
814423,470,15
762733,685,10
772020,375,20
750435,510,9
818844,255,15
820830,440,10
730718,250,20
823015,645,8
826278,1550,19
830801,465,10
835668,425,10
840696,765,7
843156,310,10
733040,300,15
852902,180,15
854980,295,20
858960,495,10
2801,315,20
890855,1180,20
9008,490,10
14052,335,10
892025,830,24
20036,315,10
36609,320,20
38083,220,20
38164,175,20
42269,470,15
637517,670,13
33880,240,25
33952,610,15
896446,380,30
934991,1305,20
179554,755,9
72907,280,15
73547,685,7
82686,645,10
97110,800,11
94587,300,20
619779,875,11
22128,745,24
443638,160,10
117463,235,20
116840,435,10
124222,405,10
170662,585,16
904392,1395,15
147109,375,30
147885,335,5
147915,215,10
148148,415,10
5215,235,15
905674,1420,22
905585,470,40
165514,630,8
156078,255,15
906565,1015,33
493031,390,10
192210,205,20
193119,420,10
531551,470,15
206253,590,3
911291,405,40
210277,505,9
213829,535,14
218103,380,25
219908,320,15
567787,230,10
221805,375,15
477435,135,10
244791,315,25
916331,775,22
231533,525,9
259160,145,20
918423,1820,17
280844,440,10
559271,705,5
283495,775,10
286095,540,13
446033,785,4
124745,400,10
304379,290,10
99872,300,20
311707,350,10
313050,485,15
312983,320,10
321176,190,10
328740,645,6
348503,165,15
932345,1655,19
350508,445,15
356271,400,0
580847,790,3
450298,655,12
493816,660,13
394819,595,8
932329,1245,20
425630,380,15
935310,1855,16
443573,765,9
935360,1050,24
936227,1045,28
477303,245,15
458830,580,12
461423,375,15
463396,480,20
451177,655,12
937525,1055,26
336001,735,11
489336,235,10
201258,515,13
490563,215,10
509736,465,20
503720,315,25
197235,505,13
531049,815,13
941603,1255,16
515523,365,10
520225,510,11
622044,465,15
526673,705,8
536512,540,8
542148,350,15
543861,335,15
551066,405,10
96270,120,20
566870,355,5
948969,1170,22
569933,695,7
569216,355,5
570389,270,25
577049,375,20
92886,670,7
577669,515,17
309061,630,6
93700,590,7
590916,400,15
325635,450,15
598909,310,10
595535,365,15
171101,710,8
610704,615,10
525960,690,14
614904,530,13
617440,365,15
438276,855,8
4758,415,25
31739,370,20
41807,210,40
521116,205,25
403466,190,20
34339,310,15
896187,1200,18
62006,325,15
70254,475,10
75604,425,10
899046,495,25
89966,280,30
90077,205,30
90816,205,45
468064,505,14
192880,590,11
126306,215,15
903728,515,13
136441,420,15
151130,390,10
906069,405,30
170372,230,20
220035,165,10
226017,150,30
891304,90,50
227056,185,30
229393,245,25
233706,270,30
915033,475,30
265608,320,5
280097,315,10
281263,300,25
282308,320,10
295434,285,40
145602,530,10
97314,185,25
308170,245,20
326259,430,20
329100,330,20
132010,380,20
898007,720,23
378372,210,15
930245,1135,23
410225,370,10
502324,165,10
417505,250,15
97446,210,15
97578,195,20
933490,835,17
934402,820,36
451304,225,20
452866,185,30
456764,195,35
469505,240,15
485306,540,18
494208,285,20
412984,605,19
505510,140,10
941557,690,28
521760,405,10
403725,205,15
153931,515,18
916412,300,80
949035,455,20
584037,260,10
586110,400,15
176049,675,11
950785,385,35
1899,340,15
596647,280,30
1104,465,15
18660,420,15
19054,515,13
929727,810,21
41297,705,11
41947,1000,3
98094,225,10
95885,255,10
91073,235,10
123838,255,15
131245,300,10
134880,225,20
142948,320,10
590984,470,15
362379,260,10
164690,260,20
909440,740,20
334012,615,14
222119,360,10
201391,555,16
203009,515,14
911780,625,13
211192,315,10
34361,635,7
220817,305,10
222240,275,15
91464,465,10
245658,415,10
917249,820,14
268267,295,10
279315,295,15
91596,520,13
283347,315,10
294659,335,10
920100,690,20
300500,500,10
308897,550,17
551941,990,11
922188,970,15
327026,415,20
331180,265,10
338206,300,15
343536,445,10
376035,320,10
411787,1035,9
435872,255,10
452734,320,10
454168,525,10
457280,265,10
462098,545,14
574155,460,15
939218,835,20
491217,455,5
491764,255,15
939765,1015,15
498513,820,8
526703,485,10
243524,930,11
539427,1005,7
902299,645,19
949612,2075,9
440256,530,7
950009,705,26
950394,795,23
147362,690,16
951927,275,100
918806,605,35
607541,280,10
953822,225,25
687286,295,10
688231,1000,18
689726,1865,12
693987,395,5
697125,1705,17
761182,1100,17
708160,965,7
714712,450,10
716936,200,10
718483,425,10
719005,485,5
704300,1295,15
687394,670,6
738271,1090,18
737147,740,7
749052,420,5
734373,275,20
810355,935,6
758280,535,9
768936,755,6
772647,805,7
683661,980,9
681054,1005,7
777650,525,8
780871,915,7
781436,675,10
838178,405,5
786861,655,7
789232,415,5
696392,1960,10
792039,365,10
793884,605,8
755052,410,5
798010,1340,12
801283,455,10
804410,320,10
680039,620,7
809144,330,10
820679,220,10
821241,470,10
823058,375,5
681423,740,5
823180,505,6
834319,290,10
798827,530,6
839442,310,5
840912,355,10
843989,705,7
848484,305,10
794978,230,5
729159,365,15
854212,1255,10
856630,550,7
858889,225,10
684465,185,10
779,365,20
913715,1295,11
890332,440,30
6777,240,20
890987,455,20
33680,605,15
344051,1070,10
251664,930,8
124887,875,9
59501,295,20
66249,340,15
66761,370,10
58360,345,10
586248,1215,11
70777,225,20
897353,640,20
411795,490,20
85898,745,10
90140,415,20
94455,345,10
77046,700,9
76970,775,9
111090,400,15
967740,1495,29
147281,215,5
893675,1650,18
156469,450,5
169110,325,5
164267,465,15
206470,815,11
121112,1120,8
180123,645,14
193046,425,20
194263,645,15
474578,660,7
206474,550,19
901439,1565,16
940968,280,10
890405,120,0
940976,215,0
940984,120,5
940925,135,60
212369,415,10
912433,1490,29
216267,400,10
220523,210,10
220426,345,5
245259,220,15
111600,1105,14
253340,680,9
158377,1060,7
918300,1480,13
280356,270,10
138990,635,7
285161,755,12
223746,725,10
286087,165,15
408543,900,6
291536,255,15
299855,260,5
304271,240,20
312460,125,15
924393,995,31
334693,575,8
336122,360,10
345229,590,11
353183,655,20
926736,1195,14
368857,400,10
376086,430,15
380199,520,5
928160,1040,19
383570,320,10
932060,1340,11
414646,225,10
76727,1160,7
421472,530,8
310777,1050,8
154705,715,6
433888,210,5
70734,225,10
437565,280,5
442011,790,4
444022,520,8
445193,585,9
445452,225,20
451720,660,11
485438,815,10
487252,380,10
937665,650,41
487570,300,15
489395,470,20
495263,220,20
556807,430,20
510289,230,10
510130,505,17
515353,340,10
536881,340,25
543217,515,7
550361,260,20
947539,1010,18
393777,1130,11
557269,380,10
369253,635,5
579742,595,8
579874,405,10
597260,815,11
953121,2050,15
743868,705,11
689750,2020,13
689386,1185,16
690279,245,5
693650,195,10
695343,1315,21
699500,435,10
710997,485,10
717053,430,15
704288,400,10
819028,560,7
721972,330,5
745650,315,15
742350,265,15
748544,300,15
748633,590,7
752800,225,10
756180,170,10
765180,330,10
772046,285,10
772160,335,20
785865,170,25
775681,235,20
778028,245,15
838541,415,0
784400,255,10
786152,465,10
789720,550,13
792217,395,10
825892,550,6
799530,300,10
800430,1535,16
770965,390,10
694134,1515,16
751553,355,10
804673,330,15
814032,435,10
866725,290,15
817678,340,15
820652,345,10
821705,395,10
821268,460,10
696196,500,8
824313,295,15
827401,925,20
745279,1065,9
834220,500,10
839779,365,20
842389,400,10
851264,230,15
733105,345,10
854336,375,5
855685,1975,10
773786,720,8
858102,280,10
863955,640,7
728,400,5
2674,460,20
11568,590,11
891894,1185,22
287210,605,9
50415,345,10
41548,1120,11
90131,490,20
41980,565,14
68845,185,20
560408,635,26
89257,305,10
91723,315,10
105503,460,15
213012,630,9
132020,245,15
488921,540,17
448940,345,10
153087,380,20
916579,875,26
158151,535,7
171123,420,15
198668,235,10
196240,520,7
18961,345,20
203912,490,15
114477,570,16
212490,470,15
217050,345,20
217301,330,10
913081,930,25
222135,390,15
229130,220,25
233552,690,10
252557,500,10
254096,305,40
256048,485,10
891401,50,50
220145,535,24
261378,210,20
273201,480,10
281492,330,10
281026,460,5
303755,535,8
94608,775,10
313173,230,20
314544,335,15
345873,405,10
360309,450,25
361739,370,10
364983,185,10
375900,445,10
376299,375,15
376949,550,11
378178,215,10
893455,830,22
412309,530,6
932507,970,17
434272,180,20
437557,410,15
25897,660,13
464430,605,19
548172,565,19
466387,375,10
467324,745,10
468207,170,20
476773,625,13
927163,75,60
480738,205,10
484199,440,15
490695,225,10
493163,275,15
495379,420,10
939730,1105,21
941328,1175,20
941719,985,33
515329,215,15
516244,440,15
466639,595,13
942448,690,35
526983,360,10
465860,110,10
539570,200,10
548022,380,10
550817,580,13
579155,430,10
918563,105,25
578703,385,20
579610,595,15
950653,1165,20
951820,1205,20
952478,1385,6
602957,235,25
603538,270,10
615498,880,8
624721,185,10
8795,275,5
26743,130,10
512796,600,14
893803,850,19
49506,130,15
122661,245,10
899275,945,30
147957,115,30
900478,525,33
139173,185,20
927252,930,32
202495,370,20
203130,305,15
244600,660,14
246034,625,18
349909,70,10
290130,215,10
328456,335,20
92509,145,20
344338,265,20
18279,130,10
349640,90,10
929980,440,30
409839,70,20
433497,355,20
453382,295,20
453641,300,30
936618,495,30
473211,525,19
455598,385,30
463264,240,30
465470,245,20
515639,315,10
96016,120,20
478084,695,15
600610,255,20
162909,415,25
948705,530,38
545008,225,35
557146,380,20
564133,345,20
568821,160,20
407275,395,25
717312,205,10
832634,360,5
747211,125,5
706396,230,10
867985,180,15
766976,220,10
768405,210,25
771686,590,26
868639,200,10
731226,140,15
763721,165,10
698334,240,20
812994,145,15
732788,270,15
827940,320,20
832545,785,20
705748,115,15
713678,120,0
713996,60,10
817448,515,18
716014,210,30
742929,125,35
746045,280,15
745260,205,10
755923,220,20
791024,295,15
731870,60,40
825999,150,30
828467,140,25
776076,1020,25
826901,415,10
841986,345,20
792017,545,29
918598,165,25
890464,855,31
2194,185,25
20222,155,10
20877,220,25
242390,190,10
33812,240,5
895539,955,30
62995,490,15
246425,125,5
71056,260,10
102644,735,4
91855,185,10
898260,535,31
97187,175,5
899224,295,40
445658,715,11
105678,445,15
251356,140,30
901687,720,28
901512,240,25
967836,1085,28
115380,125,40
504632,215,15
69841,450,20
903078,790,18
903337,665,32
131768,160,25
136891,335,10
124907,860,9
147621,195,25
147826,515,13
434858,900,9
906719,925,32
166340,640,9
182338,205,10
56723,470,15
240184,245,10
242780,175,10
244422,490,10
249939,130,10
250325,220,20
255912,200,25
256897,240,20
282081,730,22
357120,435,25
287890,250,10
288802,255,20
919195,520,40
289884,165,30
289841,240,20
295698,330,15
402908,620,17
325040,315,20
551333,275,20
241091,95,20
364665,495,20
380733,545,16
384747,735,17
403334,160,10
91987,100,10
403350,365,20
515252,300,20
931543,250,35
412180,120,40
412171,290,20
109010,205,20
428680,255,25
439983,245,10
935182,410,10
241610,180,10
936090,260,35
454818,565,20
462225,240,25
464562,360,20
467529,270,25
489298,255,20
491632,160,10
501557,225,10
62340,165,15
527661,210,20
381233,200,20
551074,405,25
110728,190,25
947563,1090,30
578053,315,25
587150,135,25
587443,340,15
602361,565,12
894230,535,32
583403,220,25
905283,635,27
157503,115,20
190390,145,25
30759,185,0
275026,100,20
918113,50,40
288675,100,20
296996,250,10
570516,80,20
406929,320,10
486663,365,15
937789,240,25
478997,150,10
514659,370,10
936871,495,30
569739,345,5
806436,250,45
805068,135,40
819360,135,45
864471,395,15
864617,195,30
821225,300,25
301825,85,100
11517,280,20
21008,130,15
72877,185,10
130982,440,10
127868,185,10
236136,715,11
198587,230,15
222372,165,10
915424,845,19
287091,190,0
300632,365,20
914410,80,20
352764,155,30
353159,85,0
409618,315,10
415553,180,25
509566,150,15
530344,180,10
950848,645,18
517216,205,10
570125,230,10
952087,1080,23
602620,325,20
604992,140,10
169207,540,5
78,270,20
1244,110,10
891274,420,95
895148,260,25
55719,180,20
61824,170,20
62081,210,15
63517,350,15
66370,260,10
88609,565,11
919322,1140,20
118583,200,15
120715,245,15
135135,140,25
148660,395,15
587281,220,20
185841,470,15
185833,190,10
226661,235,10
890861,900,23
230693,270,20
237329,195,15
243175,220,25
247197,375,20
255394,405,15
275131,540,15
918938,630,48
297127,330,10
297380,275,10
619787,300,15
304140,165,20
305510,205,15
921408,780,18
921530,275,25
308307,295,20
319872,165,20
356026,730,9
361895,185,20
371610,95,20
265640,260,10
910228,560,22
930636,1155,20
432918,525,23
622257,235,20
462748,340,20
462870,335,15
463000,255,15
109920,75,30
938696,180,25
486922,140,10
491080,515,15
516074,480,10
548707,530,18
551147,140,15
556602,360,10
948446,425,20
572853,355,20
580007,210,15
570326,130,40
950521,640,36
604054,155,10
615757,280,20
625221,130,20
258016,255,15
18791,545,16
33235,270,20
34959,340,20
893773,655,39
76120,400,30
88471,410,20
90158,220,20
92371,185,15
99260,110,10
119547,85,40
226482,795,16
170895,245,25
184284,100,20
909181,465,40
191027,250,20
936740,240,40
911135,925,27
218219,130,15
601342,180,25
930348,160,55
245909,385,20
281786,630,16
514721,195,40
447790,175,20
920592,735,32
52045,125,30
306037,390,10
307831,125,25
962236,55,50
321567,215,25
322997,390,10
924130,700,34
206199,235,10
599271,190,15
344149,460,35
927902,915,35
384615,130,25
890596,100,35
403040,210,20
415421,320,25
441589,270,15
449873,455,10
453129,160,15
467553,230,15
483419,230,40
483540,425,10
505099,240,25
240828,600,29
538922,230,20
946494,660,33
544779,145,20
547891,125,20
551376,455,20
562289,265,20
263320,150,25
591270,440,20
615625,245,20
688061,190,10
690406,275,20
695734,1150,10
704253,425,20
716294,215,15
704237,245,15
718874,170,10
723673,515,10
724513,775,17
732346,180,15
868698,315,10
733032,835,10
737593,290,10
741884,320,5
745138,415,5
752827,710,18
757225,110,5
762814,475,10
771139,240,10
772615,545,10
777633,280,15
781266,745,7
782440,110,10
785911,235,15
790583,460,15
794279,250,10
810916,725,20
815594,235,10
816116,255,10
816027,295,20
822590,510,10
823139,410,10
823910,300,5
825867,240,0
831190,600,23
824437,180,10
832758,300,15
835129,400,15
836915,220,10
838608,360,30
841463,250,10
847186,365,15
850179,240,20
729140,320,5
854280,815,15
855898,265,10
857840,220,15
763602,945,13
874085,625,11
806137,495,10
690066,390,5
798986,360,5
371742,305,10
372005,260,15
266063,605,8
943630,490,50
20540,60,20
40331,235,30
901385,680,28
156728,200,10
156981,140,20
190411,235,20
925179,105,40
196169,180,25
271128,235,20
70246,265,20
76074,95,20
328278,95,30
328588,60,20
505820,235,20
348732,140,30
351202,160,20
400475,185,20
946109,180,45
934275,660,40
437329,135,35
420428,405,15
441945,95,40
514187,240,20
523712,195,35
385263,100,10
542172,250,20
543993,450,15
577537,385,15
579459,220,25
214588,305,30
951463,490,30
536326,255,10
953385,640,31
317124,420,25
686042,320,15
688320,170,20
690791,1045,20
693910,495,5
703796,945,25
706655,260,15
715247,620,17
718092,520,11
726087,780,24
728098,550,13
730831,410,10
782831,310,25
737720,295,10
740195,1215,22
742155,575,8
743577,280,15
694304,515,10
749427,360,25
758264,270,20
790818,560,17
773662,930,17
761710,715,19
766453,375,10
766712,410,15
768928,225,20
770353,345,10
770612,145,15
773344,445,20
775550,135,15
719390,265,5
783749,185,20
786349,290,20
787906,135,10
789330,90,0
793752,150,20
744743,195,10
799211,240,15
715166,250,15
803766,430,10
694177,520,14
808709,250,15
809098,105,10
816892,345,15
823112,545,12
823783,435,15
826120,185,20
827819,170,30
832880,295,10
836001,180,20
837563,170,30
838993,170,15
844322,245,15
846147,225,15
688784,270,10
852910,190,15
744352,180,20
736465,240,15
384801,60,100
724467,175,20
733172,130,35
743054,170,20
748250,165,35
766585,115,30
790176,80,10
795798,130,25
797391,185,25
763659,830,33
754625,340,10
857580,60,50
810002,285,20
815462,105,20
689491,75,10
706027,235,10
716537,105,10
740454,430,20
863440,310,15
704854,255,5
758914,140,20
839515,115,25
862134,125,10
800902,145,10
815616,110,10
840688,155,10
758000,340,25
813770,430,20
839388,90,30
724777,910,22
724769,465,20
688193,230,15
695963,190,10
699241,270,10
699896,270,15
700193,165,15
691100,140,20
707724,370,25
724530,400,20
689971,260,15
760013,695,10
864609,215,5
741485,335,15
711497,455,20
718408,310,10
724742,975,27
724734,560,20
721085,620,27
722561,365,20
689181,610,19
725617,280,25
759538,400,15
809020,445,20
812757,245,25
753823,300,15
707821,310,10
734349,340,10
749168,205,10
752193,295,10
711721,295,10
759970,1215,23
760005,645,24
701599,425,15
691232,765,13
773085,120,25
775290,190,15
779326,520,15
780774,245,10
740586,155,15
784451,310,10
785822,195,15
688738,485,15
789070,305,10
754832,650,8
702749,360,20
794406,415,10
796093,325,10
729795,405,10
691186,355,15
753246,610,12
804126,350,15
764914,1000,23
764922,595,22
708470,565,8
726036,450,15
820792,200,10
821195,340,20
864331,685,27
827843,335,25
708267,545,12
708739,365,10
704873,645,23
828386,295,25
720569,305,15
707694,135,20
833010,180,15
835617,250,15
836265,915,3
688878,310,5
816132,840,16
841900,345,15
689203,495,30
842915,230,30
843296,1225,22
845124,550,21
845620,415,10
847313,945,21
849260,395,5
702250,385,10
856118,550,10
849407,490,10
689173,235,15
700227,670,13
702385,460,5
848612,460,15
843510,1345,19
838912,310,10
731374,310,10
814241,365,10
750271,245,20
751375,275,20
741680,315,10
733270,475,20
733288,1055,22
689130,220,15
744065,620,9
864510,175,15
566,585,16
890243,840,24
320510,575,11
947210,1315,0
4626,490,5
13986,645,12
20354,150,25
119207,340,15
32271,480,15
36340,400,10
36862,370,5
894362,905,14
315877,285,20
41670,305,30
40665,960,10
55069,385,20
61077,265,10
34452,365,10
63908,1085,11
896705,580,24
906514,785,30
76511,85,20
898317,1250,19
84832,450,15
86240,295,10
86487,315,10
86452,720,7
383252,695,20
90182,240,25
282953,715,10
101869,255,20
107778,275,20
671053,100,100
902586,1150,8
121886,390,5
121940,145,10
671207,85,100
131504,395,15
139432,360,10
153508,140,30
151416,450,15
634184,520,15
906484,1330,16
170763,285,5
907898,315,45
177008,525,7
50261,300,20
129674,375,15
83456,565,10
193640,325,15
196266,390,25
196762,215,20
197211,560,28
88560,330,5
911143,185,50
211583,170,10
216658,395,25
912697,1500,21
224197,290,15
392197,440,15
913472,1025,21
223930,380,30
424919,150,20
62050,855,8
250848,235,20
419222,340,15
252875,480,20
356980,300,20
916854,615,26
259810,330,15
264628,845,8
273333,550,20
287202,780,16
286168,365,10
918954,1300,21
285455,735,13
579722,355,5
287563,660,16
287156,325,30
302759,715,8
452440,155,30
305057,280,10
37699,405,5
922960,1070,12
27235,680,19
900494,1515,16
332356,660,11
332488,385,15
332615,235,15
129690,555,14
345903,630,20
356409,480,5
925691,755,22
114334,280,20
423874,240,25
382272,520,6
928291,1100,22
929425,235,20
407232,135,25
419389,205,5
424650,280,15
932710,485,30
925403,370,95
444936,405,20
448834,485,5
463523,330,30
465089,165,30
480428,220,40
939420,270,20
483150,255,20
938564,775,17
487180,225,20
121690,300,10
487317,195,20
487384,360,10
319937,670,21
60925,480,10
488356,435,10
489360,165,20
474444,590,7
506168,190,10
942952,360,90
942014,765,26
620213,350,25
942332,980,23
516694,440,10
942855,1125,24
204901,580,10
310646,515,3
565750,975,10
537624,670,11
595012,670,19
330043,500,13
554910,190,25
383260,440,20
396902,700,12
577405,680,16
578576,185,20
579297,650,5
579351,400,15
61972,560,13
951366,1290,26
624500,535,13
619523,565,15
954420,950,26
624330,195,20
4880,615,11
12815,495,25
11533,475,25
13463,785,14
57274,390,20
74438,110,25
901887,80,100
892203,1195,16
21369,575,9
102016,600,11
503560,730,9
30880,615,21
32280,530,13
37907,370,20
40762,160,20
89058,770,10
49450,365,15
895920,1080,12
896055,1230,13
57347,395,25
250350,515,16
61107,500,7
198811,925,8
63525,635,22
63550,590,13
66532,370,20
71188,630,9
71781,795,12
514070,580,19
74047,360,20
74179,260,20
80454,670,21
27655,695,10
97098,410,10
33387,790,8
74373,555,12
918407,1845,11
88340,635,12
899003,1300,18
501875,750,17
899828,1180,13
88935,655,6
89028,460,20
94757,845,16
901342,1155,9
80741,610,8
107735,640,13
267840,1005,10
59404,695,7
108626,585,18
111228,105,10
901660,790,18
111872,345,10
237787,450,20
122815,440,15
96327,475,20
123145,235,10
124869,715,11
35007,465,10
127515,645,13
133698,515,18
134198,910,14
909673,1625,13
254568,545,12
140864,330,10
141070,600,19
186040,935,8
142832,505,9
603791,475,10
195640,555,11
158313,780,15
163449,360,20
165620,715,10
166936,690,7
167070,510,19
426375,915,12
173479,335,10
174920,380,15
276502,185,5
202987,835,13
185655,435,30
909092,805,20
185850,340,20
588552,815,14
192864,570,7
192910,630,14
193097,555,15
193070,205,15
194093,850,8
199125,515,16
910058,1865,15
199362,670,12
201073,385,10
201316,205,20
201413,505,9
210455,370,20
218731,320,15
913189,1180,19
217387,485,20
221538,325,5
494577,475,25
228940,885,11
229199,295,10
229377,515,22
230774,355,10
243426,280,15
253464,270,20
943916,1515,11
250716,205,15
236845,740,13
916269,1125,16
252530,245,20
253448,775,14
118827,590,7
254550,470,5
258121,350,25
258148,230,20
259322,595,27
263508,495,10
263397,815,11
917559,1330,28
273260,520,11
274763,215,15
595134,805,13
5797,495,15
587234,670,10
309432,580,8
185731,455,20
935244,815,14
282375,310,10
918830,1665,9
930679,510,96
289582,195,10
291986,455,20
297682,600,18
307548,355,5
308455,870,7
311960,565,8
952885,865,25
314579,680,18
499344,860,8
321958,215,10
924008,965,13
65223,765,15
904203,1360,15
328324,320,20
328448,300,10
336467,130,10
345610,370,5
329215,285,10
925349,1880,11
350192,405,10
444522,790,9
329690,800,18
351857,175,5
605063,560,12
925551,1060,19
356921,510,10
364150,570,10
365246,220,25
366412,370,10
925535,1245,17
372480,595,16
332933,565,11
419607,460,10
164342,965,7
372978,595,20
380164,355,20
382647,495,15
212749,735,7
930660,1280,15
411655,575,10
414395,105,15
612932,865,10
427667,515,10
429465,115,10
431966,415,15
905838,165,95
436097,440,10
943381,545,16
958431,340,25
449075,285,25
449032,780,12
935832,1230,18
464171,340,30
465232,475,10
466778,500,10
147831,545,4
476650,270,20
239570,660,9
938009,1680,9
484580,675,14
484849,705,5
486400,305,20
487902,645,24
487414,720,10
561022,710,12
493318,860,10
330632,835,9
494275,650,16
494011,690,12
107280,975,14
939596,1100,19
501506,405,15
519588,495,10
156880,625,8
509019,415,15
510548,450,10
519871,630,13
514241,275,10
514357,305,10
209969,885,13
514900,480,25
516210,190,30
373279,655,9
516430,350,30
518042,450,10
31851,995,14
626274,790,6
527971,610,7
528137,435,10
24650,465,10
962646,1580,8
945978,885,12
536733,790,14
948187,925,16
550620,370,20
551040,610,11
551422,495,25
619299,195,15
954403,960,11
552259,945,20
552399,285,10
168221,570,8
552887,555,10
557234,1060,15
6005,410,15
561037,760,12
561045,315,10
67723,835,13
918440,1640,24
578835,780,10
107284,1015,8
951404,420,95
598720,295,10
600091,360,15
229647,305,10
604780,700,12
605093,555,14
505790,530,22
614238,730,20
618063,295,20
619981,765,12
439738,345,5
706299,525,12
704261,655,33
737970,650,16
720240,680,30
721344,245,20
731358,180,10
730688,480,15
832146,225,15
767751,210,20
771783,610,12
774383,370,15
781304,745,13
786667,390,20
788147,580,17
850977,515,19
804932,265,20
751383,195,20
704318,240,20
741620,190,30
809535,510,8
705870,185,10
706000,355,15
825654,285,20
828858,300,20
830020,100,30
830410,865,24
829242,180,10
733253,410,15
840165,245,20
841498,295,10
842893,190,15
843024,380,20
845361,1090,27
851116,1135,24
851477,300,10
855006,280,40
417580,90,100
909190,75,100
932302,90,100
185930,285,20
2283,180,20
911609,50,0
9563,300,10
11550,320,20
26590,120,15
941542,185,35
73393,160,20
84310,225,5
85618,195,25
101478,145,15
105635,265,25
901121,180,40
105627,60,40
107719,470,25
494578,105,35
895237,460,30
122920,195,30
131008,265,20
4502,135,0
909319,430,30
672785,65,100
308439,235,30
145807,95,20
920622,640,32
311944,135,20
314676,320,15
116646,125,25
923354,265,30
53221,125,0
923486,800,21
923613,520,12
328197,630,16
924679,435,35
237582,135,25
125261,50,20
410918,525,27
456632,470,30
464309,180,30
468070,625,1
136964,105,20
479403,300,15
496154,125,25
941298,530,35
569992,595,8
314935,480,20
602558,100,0
892939,125,25
97209,145,20
141518,270,15
596092,100,30
910872,655,30
280747,245,20
366285,60,40
500445,155,15
937657,145,30
9954,125,20
487830,440,25
540005,105,10
689939,650,31
689343,150,20
695211,120,20
752410,50,20
717185,130,30
742147,275,10
744654,65,20
745910,345,15
748129,300,20
769185,130,20
774251,130,15
753580,315,20
798568,110,20
802980,170,10
814962,480,30
806234,400,15
829501,250,15
835226,135,20
856410,260,20
724076,290,15
854186,70,20
18830,225,20
2305,105,15
892416,585,20
37648,200,20
93157,210,20
100757,435,25
113956,335,20
167380,385,20
925365,710,30
253472,365,15
256307,430,15
291790,110,20
291404,385,10
904767,275,20
924431,360,30
355224,240,10
932434,395,20
469114,110,15
444677,165,20
462489,230,15
937916,345,35
193735,135,30
937983,100,0
11770,420,10
32700,80,20
123885,850,14
902747,410,20
90557,485,10
2933,240,10
3131,525,15
277495,700,13
11584,520,16
12971,320,20
186666,625,14
305731,370,40
186236,700,13
505808,640,15
314617,315,10
893064,1420,23
893323,1140,23
34762,275,10
37125,340,20
894060,1590,19
32298,710,16
28130,585,14
895792,1150,22
60445,180,20
71960,180,20
80268,515,16
456756,805,13
111465,215,10
114472,290,20
116815,440,20
902551,1425,22
383708,225,30
185973,580,17
125482,280,30
130893,325,30
160172,260,20
907383,1395,24
908274,405,30
181323,360,10
181757,565,14
195812,630,16
384550,860,12
201464,640,11
73065,480,20
928151,790,24
221740,590,14
233480,480,10
244996,550,16
485183,680,13
257346,530,17
595047,235,20
263079,620,16
595861,185,5
273988,390,20
274542,545,20
225946,620,12
918253,1665,21
275670,210,15
124761,260,20
285684,230,20
311251,305,20
34808,480,10
87934,440,25
334820,485,15
336289,590,15
337862,350,20
366544,490,10
378089,375,20
466951,560,15
927724,1210,21
384259,255,20
412430,290,15
902636,720,29
412570,215,15
414123,350,20
419346,470,20
968729,1115,25
122092,330,15
451649,600,18
472360,210,15
480037,500,20
636037,395,10
507946,135,10
917231,590,30
595993,135,25
945196,290,30
110418,110,30
535281,330,30
543438,385,10
574287,535,20
40509,315,15
521248,165,20
551090,545,16
557897,380,10
559075,440,10
547123,530,14
948870,790,25
337030,290,20
579190,610,16
585599,765,12
580520,395,20
357316,230,15
586846,350,10
594970,565,19
612405,600,19
429619,615,16
622028,280,10
693634,225,35
706930,500,15
729663,55,30
720518,580,18
716413,480,20
711098,715,21
732303,220,20
732311,235,30
733563,395,20
732354,360,20
733520,330,30
737372,520,21
744611,695,21
745391,220,20
723630,495,30
751103,770,21
756962,190,50
808007,620,23
714208,210,30
516651,295,25
685145,715,15
770655,130,40
775061,285,40
777935,345,20
779849,195,30
781487,520,16
782130,215,25
786691,200,40
790044,445,20
798436,250,20
809179,245,30
801275,1065,22
805840,215,30
813389,870,23
822566,280,20
828335,165,30
829374,450,15
833061,320,20
835749,380,20
836320,230,30
837199,460,20
840815,675,20
843342,190,30
844012,1205,20
852775,995,29
773050,655,22
750905,415,25
824690,690,19
733199,395,10
868914,435,20
697567,195,10
708003,240,30
842249,90,10
710970,505,7
715492,220,15
719269,80,10
767339,415,20
724009,305,10
743984,330,15
757748,360,15
758108,120,15
765155,110,20
770671,350,10
771295,355,20
788813,160,25
803375,245,10
809233,350,25
811432,150,25
773757,335,25
833142,160,20
834602,160,10
836788,1395,28
843415,200,15
846015,215,10
856800,230,20
857971,155,15
864366,1205,28
689351,290,20
869673,390,15
701745,550,14
721212,220,20
730963,245,10
730971,125,10
750336,210,20
770744,365,20
777196,460,20
782181,385,20
783358,825,25
785954,245,25
791075,300,20
798878,305,10
804282,310,20
746827,210,10
757127,175,30
830399,295,30
714194,55,10
719994,100,20
742660,80,40
745782,80,20
788031,115,15
797260,65,30
808571,85,20
824046,80,10
214574,125,25
385131,145,20
912565,195,50
940666,85,20
924652,75,40
924784,185,40
338010,190,15
320650,50,40
929336,140,30
502006,55,20
550884,80,10
890073,1505,10
540,135,10
1503,215,15
2542,165,15
7358,310,10
11576,560,14
11622,440,10
23990,385,10
612766,270,20
892670,370,55
26395,545,15
947148,145,85
467572,300,10
55611,410,15
72095,580,7
58416,340,10
72222,565,9
72613,415,10
82880,190,10
82759,370,15
136020,550,6
320005,270,10
899305,525,12
98876,270,10
106526,450,10
108103,760,6
901644,995,28
111406,430,10
902420,930,33
134236,350,20
136182,120,20
155810,330,10
430242,965,6
157244,200,20
49603,460,20
906581,1195,15
160210,285,10
162221,190,15
163740,220,20
167738,380,15
170500,300,15
179752,735,10
137743,545,6
589890,175,0
190268,320,20
191825,265,15
201529,405,20
203521,380,20
217174,605,11
912824,165,25
912956,850,16
914908,2115,20
245038,540,16
255300,540,8
257737,300,10
918024,780,16
918156,790,19
275514,220,15
133006,290,5
280810,800,5
522619,410,5
283410,255,5
560766,540,10
302664,595,12
166600,415,10
289710,855,5
451436,340,20
302716,245,15
469,745,6
438062,610,15
311855,280,0
318051,610,12
923745,985,11
923877,570,13
904503,460,15
321338,325,10
321370,510,11
321435,345,0
273724,605,3
46639,495,15
346780,595,5
351466,115,5
351725,315,5
925560,1260,15
381568,755,13
927430,815,28
375128,170,15
378119,465,10
622346,235,20
384909,235,5
403377,435,10
930113,145,20
410357,440,10
410454,380,15
410748,355,10
411396,560,8
931934,1045,13
417203,245,15
510700,285,10
429597,560,6
433608,220,10
944939,1080,18
435317,645,7
263451,505,4
448389,235,10
450391,150,10
453773,470,15
456314,525,5
457418,855,7
481017,380,10
485322,350,5
486272,475,10
557188,510,3
456241,415,10
495638,415,10
940437,1720,23
14061,590,4
941743,1480,16
87548,355,5
218863,525,14
515787,395,15
942162,1090,15
142565,235,10
526436,345,10
524883,350,10
525278,680,10
527742,540,10
528005,175,10
530212,320,15
586970,1000,9
537675,485,5
539180,330,10
945846,1130,24
329886,455,10
548545,305,10
550493,275,10
947237,210,30
551104,320,15
560898,150,20
563102,380,10
566225,345,10
569860,195,10
575321,240,10
579327,455,10
951439,290,20
515008,450,10
587215,415,5
73745,595,7
600679,150,10
952346,620,20
602272,655,10
604836,850,9
359520,600,8
605816,730,13
612707,425,10
131377,375,20
619000,580,14
954551,585,16
621862,245,10
627194,240,10
705217,270,20
689637,290,10
700150,280,30
714810,365,15
715751,370,10
741817,155,15
758400,540,16
769703,195,25
778672,655,21
788945,285,20
790150,175,5
798193,1095,9
815853,190,20
821187,230,25
823651,670,24
687111,1095,9
841722,150,30
847445,275,10
854727,235,20
857998,150,10
686247,870,12
686891,340,10
689360,1585,14
691798,745,28
710601,335,20
694815,340,10
690538,560,8
690660,220,25
690961,910,17
694045,345,15
694509,120,0
694550,675,8
695408,335,10
695947,925,19
703001,285,30
702935,855,22
785539,175,25
707589,920,18
731951,1235,14
706426,540,10
707708,920,19
714062,560,13
704210,330,20
715239,365,15
716146,235,20
717444,320,20
719528,295,10
720178,445,10
721603,520,13
721999,175,15
723096,870,16
723576,550,12
723428,875,19
694428,575,3
728055,935,8
728063,450,20
729019,700,16
730653,1095,18
730882,1055,10
731820,1915,15
732443,990,20
733016,185,10
733474,190,40
680354,140,30
722900,80,20
927830,210,25
743482,55,50
685100,155,25
732435,235,20
733954,450,15
734080,845,23
738115,670,15
743704,765,14
744565,255,5
744751,170,15
746177,575,15
747602,650,7
747998,370,10
748382,745,9
749290,675,17
749559,385,10
748773,365,10
820814,250,20
751634,475,10
752690,280,10
752819,370,10
756334,255,30
763462,230,15
763772,1380,12
765023,430,10
765635,315,10
765759,295,5
766038,425,15
767913,240,20
768537,405,10
845182,615,14
768790,705,9
769525,515,15
772437,360,10
773735,340,25
785857,415,10
775444,570,10
775819,325,10
775843,290,10
776637,90,10
776360,1310,23
776700,145,15
776980,635,16
778800,680,13
780235,595,7
780499,330,10
780570,550,10
780880,650,10
781118,210,30
781380,110,20
781797,645,6
782963,280,15
783510,465,10
784389,425,10
784656,475,10
784990,230,25
785334,615,11
785563,350,10
786276,275,10
786497,290,10
786756,250,10
787353,340,20
787388,275,15
787663,270,10
788163,490,10
789208,230,15
789100,145,25
789690,440,15
789917,635,11
789992,180,15
792454,545,20
791946,485,15
791679,160,25
793620,295,10
793868,145,15
794678,295,10
795968,730,11
796611,405,20
797073,250,10
798215,120,20
798290,355,10
799343,180,20
799734,690,24
800406,215,10
800775,525,7
801160,300,10
850306,310,15
802336,440,15
694193,1020,19
751537,1320,13
805866,370,10
724122,455,15
802468,440,5
805971,155,10
811564,225,30
815160,480,10
814954,775,14
816370,755,10
689807,270,15
816760,235,20
817287,440,15
818194,360,15
819239,215,15
820610,130,10
820903,300,20
821055,425,10
821578,645,10
689998,90,20
822353,975,10
822876,220,20
823597,235,20
824305,405,10
689831,710,19
830933,340,10
827290,255,10
832367,530,14
832219,285,10
832405,285,10
834491,175,20
835200,170,0
834718,90,10
835480,315,20
733024,425,25
836133,375,10
836435,610,23
836524,345,15
685550,710,33
836656,740,6
838268,795,24
842540,200,10
751405,310,25
846660,520,11
848220,510,14
849243,200,10
848875,405,15
849138,80,20
849650,620,6
849812,365,20
850047,470,10
850209,220,20
850381,550,10
850829,425,25
851078,190,5
852511,215,15
855243,515,12
855650,335,10
856541,600,13
856932,260,10
857742,325,10
858757,335,15
859036,675,11
859591,340,15
784435,380,15
868825,110,25
803403,540,12
864994,430,5
866423,285,20
890227,1085,13
13943,80,10
2151,525,12
344930,105,10
890723,1255,14
4499,215,15
5479,310,10
890880,1195,14
6602,445,15
9172,445,20
329177,355,20
11088,380,10
13200,800,8
892475,95,20
287801,535,13
466255,270,30
18929,115,30
19445,535,18
19704,220,15
19720,220,10
20303,305,5
20745,250,10
14036,140,5
28614,425,5
890120,55,20
30104,240,15
31011,420,10
31887,370,10
35173,170,10
37257,450,15
37710,75,20
38032,595,16
39594,715,15
41416,400,10
43494,410,10
43753,190,10
45446,270,10
47260,540,12
48046,435,20
670413,80,100
48020,425,5
49476,275,15
49344,435,20
895016,890,29
50288,200,15
50679,370,5
53244,305,10
53376,175,30
54593,290,30
895407,845,15
54801,370,30
54933,285,20
55328,415,10
56367,970,13
57100,175,10
60658,380,10
60917,275,15
61956,235,10
63541,375,10
63649,340,15
63770,475,10
64424,310,20
66508,375,10
66540,275,10
356315,720,13
282227,430,30
67156,555,7
67547,245,20
68713,290,20
897485,335,10
71749,230,15
72745,390,15
128058,420,25
897744,790,17
890529,570,19
75990,305,15
80020,325,5
425826,370,10
88080,280,15
89486,665,14
899178,1130,21
89770,475,10
90034,395,10
90298,235,15
952842,140,100
900087,1080,35
899437,630,31
100048,260,15
101605,415,25
101737,245,20
101796,330,20
151262,355,30
102440,415,10
102580,210,10
105694,170,10
106151,490,10
106178,155,10
493104,305,20
106410,135,15
107190,405,10
107581,385,0
107328,410,10
901474,110,25
107808,55,30
107948,225,20
107972,595,13
84352,300,0
111740,185,10
111775,350,5
113174,390,10
902640,145,30
123056,125,30
123315,740,9
125008,595,13
125130,645,17
125393,160,10
125520,290,10
127680,560,7
127736,235,10
127884,345,5
411264,430,10
413470,430,25
133060,510,6
903469,995,38
133582,525,15
134627,235,10
134848,490,10
903590,1035,22
135011,530,10
135534,450,5
135798,540,14
892483,100,20
138975,60,30
137030,350,0
137090,95,20
139041,420,10
139955,480,5
448052,390,5
140996,685,18
904112,990,14
141380,415,25
141410,295,20
141640,350,20
141771,680,10
142816,235,20
145548,410,20
146978,230,15
904635,625,32
14001,120,10
147605,275,25
937592,985,11
922706,110,100
149055,440,20
612634,860,15
151653,905,17
153214,425,5
153478,310,10
157635,475,10
157899,455,20
158020,625,9
906450,1890,10
156132,60,30
906875,120,50
906840,1050,23
907103,130,80
164399,365,25
164780,250,15
165824,190,20
167517,605,8
171026,375,15
171280,280,15
173363,420,10
173495,635,12
176796,345,25
177261,375,10
908665,600,29
954167,170,10
329134,295,10
126195,190,20
185680,160,5
186759,280,35
909572,1020,24
909602,940,18
190780,130,25
361348,165,35
190918,300,25
191485,300,10
191957,405,10
193518,500,18
195073,235,20
195464,700,16
196371,285,10
196550,380,10
197319,160,20
198781,290,10
198846,220,20
910481,960,19
286850,765,9
201510,760,10
911070,85,100
203262,370,15
511195,590,3
207942,220,20
20486,280,5
210714,870,13
211060,445,10
211320,380,10
211451,200,30
211842,175,10
211974,410,20
912174,520,13
212750,130,15
212881,245,20
213144,155,15
912301,405,25
213403,390,15
213535,710,23
912360,905,16
216003,335,10
216402,540,19
216780,450,15
216917,420,15
217697,470,20
217824,275,15
220345,770,15
221597,295,20
529567,375,15
223158,265,10
225622,630,12
225886,220,15
229580,305,20
229652,155,10
943940,185,5
230820,965,9
232262,245,10
232904,125,20
233161,605,25
236675,250,20
551325,540,15
915688,1015,19
245380,160,10
249807,170,20
237655,195,10
252271,180,20
252816,290,15
252832,300,20
253405,330,10
916463,145,90
255416,155,5
255467,330,20
255521,670,10
255785,175,10
255378,180,20
255947,405,10
256170,185,15
257214,380,10
258970,230,10
259551,560,23
261246,535,14
263010,475,20
263060,440,0
264695,70,10
266051,510,9
270504,455,20
270342,405,10
270474,675,11
917630,1210,10
272280,790,12
270997,610,12
272426,420,20
274119,350,15
275158,320,20
918237,80,30
275280,250,20
277754,405,20
278165,325,10
278793,275,5
278920,505,8
279374,415,20
279706,190,15
284645,310,20
280917,195,15
280879,680,7
282049,440,10
918547,670,15
282693,510,13
283088,525,12
283371,185,25
283436,455,10
283479,875,12
283606,415,5
283738,480,10
493090,240,15
284203,610,18
906736,910,21
284904,555,11
285293,690,10
286060,620,23
286125,395,10
286206,255,15
589896,175,30
382068,175,10
288411,580,9
288543,140,20
536482,620,8
289817,150,20
291277,505,10
291927,275,15
294780,570,13
296473,225,5
300110,240,10
300373,505,15
920231,470,20
302589,520,21
920576,530,18
921092,650,28
305316,365,10
305570,665,8
305707,140,25
308048,295,15
310255,145,50
922056,1190,13
922315,970,10
310905,560,8
311553,240,10
311812,350,20
922498,1360,19
130850,525,9
312339,265,5
320919,435,15
308560,295,10
321699,415,10
324647,195,30
675326,75,100
326372,180,15
326500,175,20
364703,510,12
924520,1115,15
331635,405,10
331830,115,15
335606,255,20
924695,150,100
933198,1740,12
342190,315,15
925136,1115,15
348511,440,15
346527,270,20
346659,355,20
349127,665,6
352632,775,6
354716,545,21
356662,255,10
360198,205,10
364690,465,15
364746,165,15
365793,295,5
365769,410,15
365890,580,21
927384,850,25
371351,190,10
373559,330,20
374733,530,9
336580,95,0
378577,235,20
433624,350,30
928810,920,13
384879,250,10
400734,140,5
400866,200,15
402940,885,10
403075,380,10
929468,820,18
403202,135,10
403237,210,20
407291,630,18
409570,210,5
930504,1320,16
930768,1710,25
411132,775,13
931020,1645,15
411914,320,20
413305,185,10
413739,420,30
414387,565,7
932191,415,45
932116,120,55
415812,225,10
419710,455,5
421537,275,5
427772,310,5
429333,530,11
432326,430,10
432849,390,10
431656,65,100
433756,530,17
933759,515,19
434140,520,17
434400,300,15
435180,175,20
939480,80,50
437581,310,10
437522,265,20
439479,280,20
438014,340,5
441554,420,10
443697,405,20
445525,140,20
448575,405,10
448958,345,10
450138,225,15
451320,420,5
450332,610,23
452343,210,10
457809,350,15
461830,345,25
465739,785,17
467162,65,10
937266,1275,12
467685,745,12
467812,465,20
474541,230,20
476390,715,13
479640,580,9
479900,555,9
287504,265,15
938173,1050,10
485101,280,10
485756,225,25
939080,1210,20
487872,165,25
488348,305,25
488488,725,10
489000,455,20
489522,360,10
490300,715,12
898910,1070,21
490954,250,10
491349,320,10
491730,420,5
493120,230,10
493554,175,25
939609,540,21
493686,980,9
495506,500,12
949744,1200,9
936669,110,15
497665,370,15
940445,400,20
501972,220,40
940623,90,40
940720,130,30
504866,485,20
504998,680,15
505250,240,10
13226,305,0
505587,75,100
506036,210,15
508110,220,20
509280,185,30
511102,175,10
511137,250,20
514314,380,15
941425,885,20
287300,305,20
515132,410,5
515272,400,15
515337,375,15
941948,1155,16
941972,1085,21
535311,375,10
942200,1360,17
942367,205,100
517348,300,10
518840,635,26
960413,75,40
520110,60,10
528269,320,20
529176,405,10
528919,365,5
529958,190,10
531022,295,30
534374,315,10
535443,290,5
945250,620,22
536970,260,20
946192,80,20
946338,95,20
542040,370,0
543349,85,100
543470,300,10
544388,935,8
547875,355,10
586765,415,20
550647,260,20
609900,290,15
536393,425,10
551279,380,20
526890,130,10
947300,100,20
555169,235,15
947407,480,25
422237,545,9
552704,1420,13
553093,290,5
556793,250,5
557200,285,15
557382,365,20
607827,760,16
562580,415,5
563234,160,40
949027,525,7
569135,980,14
569607,315,10
949353,1235,14
574546,160,20
576239,275,10
579092,235,15
586374,330,10
587028,195,20
591050,460,10
593915,165,25
928852,80,40
595608,170,20
951560,680,36
596256,230,30
951749,1075,17
596388,450,10
597554,545,10
597686,310,15
951951,1100,30
602108,225,15
952605,965,27
602850,305,10
952818,855,29
603015,225,10
603406,370,20
952990,1135,22
603929,390,15
605166,485,15
605611,280,10
607177,500,12
607304,370,10
607550,265,10
607568,540,9
679054,75,100
950130,1430,13
609250,575,11
609510,355,25
609773,540,20
89516,240,10
613282,455,10
614882,665,12
615366,415,20
954039,565,31
616141,585,8
954160,910,15
616532,385,5
617210,360,20
954640,190,100
954683,885,17
954810,1240,10
954942,415,10
624594,460,10
624756,390,20
625132,490,10
599135,85,10
186880,215,10
890170,990,13
10219,150,35
19577,405,20
55450,385,30
56758,330,45
895660,780,32
83798,50,30
99007,285,30
147524,320,30
154113,290,30
909700,620,40
194018,150,40
357707,160,25
227099,250,15
914380,330,40
228877,295,45
915297,450,40
917761,900,30
273597,505,27
918130,1060,28
278211,125,35
240761,305,35
418013,305,30
374601,165,30
294004,140,30
417378,225,20
170240,295,20
307947,400,25
311685,500,10
922838,565,36
327280,270,25
329460,370,10
368946,720,20
382140,325,35
382191,175,30
435708,340,20
99520,210,35
575194,160,40
48305,230,30
68454,500,20
489425,235,30
503630,240,40
99783,310,30
575976,290,15
568694,235,25
590002,90,40
606138,65,60
620173,240,30
891630,365,30
557661,150,30
20389,330,10
892807,140,35
33990,65,40
253543,225,20
38598,415,15
247005,500,25
896578,565,24
73911,365,10
76643,315,20
898520,595,27
559939,285,25
90107,115,20
94846,465,25
262508,100,30
897876,220,30
106283,170,20
517488,425,20
120324,235,40
902810,530,36
477957,200,35
149209,65,20
170631,300,30
157376,440,25
331317,120,25
269852,130,30
911526,310,30
218111,95,30
913219,235,40
174498,65,20
278149,340,15
288934,505,8
303429,180,20
314153,185,20
319740,325,10
320498,270,10
325538,200,20
334901,105,25
349259,110,30
349623,200,20
356417,140,20
361992,140,10
483672,250,20
374474,150,30
13617,260,10
382825,225,10
929590,300,30
153822,145,30
177911,75,20
929859,610,26
35240,280,25
47180,95,20
430110,75,30
431303,120,15
101112,245,30
935050,500,24
26727,215,25
452297,435,20
468428,300,20
938300,260,30
26666,130,40
483834,125,20
935425,250,40
621684,115,40
488542,390,20
492957,135,20
28851,245,20
937673,275,30
494666,130,40
494070,270,15
918415,260,30
517732,140,25
942596,660,32
524654,385,30
129038,205,20
167126,145,20
942987,365,30
386470,160,40
540056,205,35
944670,390,30
544582,110,30
945072,910,30
91610,195,25
946648,415,30
463655,235,5
536849,375,10
550795,345,10
472181,295,30
948314,620,31
557250,205,20
615129,225,20
949094,285,20
578444,450,15
56103,220,25
601977,490,20
609285,370,10
613150,410,10
461059,385,10
438170,120,15
24252,345,10
57380,245,15
185191,380,5
899283,1570,17
90247,405,15
93696,225,10
900214,815,27
99139,230,20
909831,1265,25
902462,420,85
418790,455,20
953571,140,15
148539,345,20
947245,90,0
208310,170,20
61228,495,10
158764,395,10
506264,305,10
296082,510,9
166472,350,5
178969,440,20
184411,125,20
909050,445,20
185582,360,20
199699,275,10
208620,270,25
96502,535,20
226793,285,15
914770,1560,20
223735,455,15
418765,525,14
282324,610,17
281522,305,0
282316,405,20
209635,370,25
918679,1990,22
477416,345,30
284254,625,15
286729,180,20
586866,515,18
289060,90,10
145882,485,10
311316,260,15
371483,190,10
366668,450,20
368644,575,20
369535,375,20
368822,515,19
931284,685,29
932450,1160,31
428817,220,30
431150,440,10
432458,430,10
434639,430,20
450006,190,10
452491,500,16
457159,550,11
457930,305,20
458384,195,15
271678,430,10
488879,375,25
185329,80,20
497193,205,10
460796,530,12
477283,330,10
548618,400,20
460015,385,25
576107,205,25
577014,270,5
590665,510,23
953555,500,30
381646,680,8
947253,875,28
603244,390,20
363687,435,15
609552,330,30
690767,405,10
693693,355,10
697460,265,20
716790,305,5
718920,355,10
720208,605,12
724602,780,12
732320,1050,27
732338,245,15
743186,400,10
744700,330,15
746304,360,15
753009,1435,22
829936,770,9
764450,420,10
765678,370,15
766844,430,10
770876,425,15
771007,515,13
765694,435,15
776726,1550,23
777501,265,20
866296,155,10
780650,230,15
866555,200,15
785695,440,25
786217,955,24
786772,475,20
788694,385,10
831724,380,10
795445,165,20
801682,570,10
814687,245,15
690023,510,7
820512,420,10
821330,330,10
823317,290,20
832103,1970,23
832375,430,15
834440,300,15
836303,375,10
841331,355,10
845108,255,20
851213,215,20
851736,195,20
856592,250,15
858013,620,18
733121,465,15
1058,400,20
671,470,10
13900,290,10
28541,465,20
29459,195,20
34363,600,18
50512,295,20
895458,1325,23
588849,665,16
61697,385,10
34355,560,14
898090,1830,16
89451,515,37
89699,255,45
90166,200,20
90220,445,25
91332,270,25
100170,455,25
634232,725,17
108693,650,19
620432,285,10
124354,385,25
125555,390,10
126179,220,35
127876,385,15
588970,435,20
144266,420,20
907499,1275,20
134618,665,11
170682,405,20
171417,435,10
908142,1320,19
181030,600,7
199389,235,20
201421,510,19
910350,1120,23
201448,475,10
203394,595,19
911399,985,21
217891,295,35
913340,880,33
914070,1245,29
226920,300,15
384097,215,20
609422,695,13
95230,675,18
255653,495,20
257605,340,20
266183,365,20
917931,1570,21
279595,455,15
486336,555,8
918555,1200,34
339451,565,12
471541,760,11
285536,235,20
283860,425,10
288241,410,15
294390,325,40
920495,1420,35
303003,460,5
308463,565,19
309320,425,20
311731,705,15
588326,345,25
313246,385,30
314331,385,20
327930,470,20
589101,245,20
331708,385,15
338079,310,25
345997,445,15
356425,275,20
83559,375,20
109487,660,17
382620,320,10
610429,175,20
383422,360,30
433799,225,20
436267,300,25
445878,365,30
936480,1085,24
95753,185,20
460273,250,35
461962,250,20
466646,410,30
486140,400,15
488747,240,15
495891,500,11
496685,410,20
497738,680,12
497800,310,10
509159,375,10
533718,740,19
379959,590,13
942006,1530,26
518905,245,20
524751,400,15
943894,685,27
528781,325,25
621609,300,20
534242,400,15
536717,530,24
540099,465,10
543730,325,40
547506,545,16
561070,215,15
118524,760,15
606189,670,10
950912,1425,21
951048,1370,22
591955,730,16
595098,530,20
602230,510,13
602906,395,15
616257,410,25
278280,705,17
612502,530,21
615889,270,20
618810,425,20
689661,740,18
718610,230,20
704334,620,12
730777,200,15
745529,720,20
708704,180,10
756059,230,20
792080,315,15
739395,555,11
798690,855,25
858892,100,70
803189,245,5
801550,435,15
801429,170,20
808318,395,15
808830,365,10
825476,255,5
825344,210,20
833690,320,10
837210,245,10
841200,335,10
868000,360,15
688363,560,16
801101,120,30
694452,505,22
848914,160,20
700088,640,16
697168,235,25
689622,275,20
706523,660,27
711454,415,25
704245,735,12
717835,370,25
715824,1240,17
721735,240,30
725510,480,20
737984,480,15
747343,540,21
747700,300,25
690910,110,25
757616,440,20
769576,335,25
771392,485,20
771520,1185,19
772950,200,30
783692,470,15
793361,430,10
799475,340,25
781533,785,20
803243,505,19
802859,280,15
803790,100,20
806188,435,15
736163,1180,21
819492,470,20
825964,240,20
844160,270,15
847704,630,17
849910,265,20
778931,525,32
864170,1110,22
859095,655,15
839397,255,10
718018,265,0
859575,380,20
866008,345,25
686263,370,10
689777,200,10
874361,730,11
693820,560,19
728632,1330,15
696919,605,5
705470,200,15
703672,300,20
849901,1015,14
856052,530,14
706540,245,15
710024,385,10
706809,1115,10
708062,195,30
688745,565,21
720488,835,21
716995,545,11
756440,570,8
718432,320,20
721530,430,15
726206,310,20
737690,495,15
741752,390,10
874888,840,18
744026,540,9
741744,330,20
744484,235,20
742236,450,15
741710,295,20
748528,290,35
748536,140,35
732281,310,20
766636,465,10
749966,245,30
756709,1130,19
753161,535,13
822728,275,20
762016,340,15
765201,410,10
874396,385,10
769606,305,10
774049,280,10
773689,290,10
765708,1080,13
777161,345,20
773832,235,20
836324,750,15
703966,440,10
691356,1375,15
781460,275,10
854147,690,12
783137,425,15
784303,310,10
783927,365,20
786020,310,20
788082,435,10
788112,1580,12
789003,515,14
789488,645,11
792306,475,15
793809,485,15
795887,365,10
798495,405,10
799912,1375,15
774824,520,24
801259,1295,17
761079,395,5
727300,270,25
750581,270,10
724220,220,10
806366,335,15
809381,550,14
809489,305,20
815411,430,10
785572,575,17
816450,650,10
725161,350,10
821969,375,20
757573,455,15
823430,470,10
830437,595,13
827169,300,10
728752,805,10
832383,155,25
811780,1255,23
835048,350,10
736888,705,10
835498,425,15
836273,280,20
795471,570,17
837431,330,15
838314,335,10
843067,155,15
845531,280,25
814080,440,15
848832,260,10
849626,1720,5
851167,480,10
852546,1760,15
864080,270,20
737242,735,11
3913,600,4
14176,665,6
904040,1255,18
68710,620,11
112387,705,9
663,695,9
20702,435,15
26530,320,5
28231,515,10
28282,380,10
892998,1445,16
54623,555,10
30694,250,15
570115,555,8
36447,530,8
36455,245,10
36471,230,10
33561,720,9
893978,1735,9
120199,740,8
47910,590,4
557674,765,4
939585,1490,12
890202,745,15
50199,240,20
616722,780,10
55131,625,12
55395,670,10
418445,585,14
56405,330,10
34347,325,20
933346,1580,11
71870,450,10
211434,730,13
86517,780,8
90050,715,8
74527,580,7
101990,515,8
115541,270,10
111430,680,14
77011,445,10
122858,550,7
123609,670,9
128511,735,6
128457,400,20
246078,810,6
236411,155,15
136875,310,20
139343,380,15
140783,525,11
72086,680,5
136883,650,7
905020,885,21
904970,865,26
563982,830,9
619132,350,10
156019,270,10
270680,525,2
281909,455,10
908819,1660,13
192937,350,25
201545,465,15
54640,570,7
204170,505,10
201776,605,5
213730,355,15
213772,725,9
217220,240,10
213861,405,10
442954,425,5
217972,605,9
237086,340,10
184305,580,10
23016,610,9
252794,350,0
254078,820,7
255971,520,9
256005,360,20
234460,355,15
917893,1225,34
280224,75,30
281913,350,10
282545,290,20
13719,580,7
364741,615,8
283118,200,10
286079,410,5
281581,570,1
919233,895,32
291080,435,10
89442,520,10
291145,145,10
297615,315,10
919586,940,22
302457,475,5
290254,525,14
303860,535,10
304220,340,20
921661,850,11
400308,540,11
307866,680,4
313599,545,6
16874,645,9
382809,450,5
323195,575,8
491629,545,9
361879,560,9
597201,535,8
951714,1335,13
234850,280,15
924911,1555,18
342394,455,5
924849,1425,11
326712,745,5
356263,300,20
364010,545,5
240701,435,0
926140,1425,12
926817,1055,14
365190,450,5
185604,610,9
372463,365,20
375896,380,30
456316,590,8
565973,655,11
928682,1420,18
400645,395,5
406139,525,12
413348,230,15
413658,560,12
16796,680,10
234591,385,20
431354,575,6
435546,495,10
548103,755,10
205611,655,5
894672,1835,10
444286,435,10
448966,410,15
450073,580,4
453900,255,20
235245,90,10
472174,440,20
472727,295,15
494607,815,7
479063,570,8
501188,545,8
479454,430,5
479772,335,15
964809,1220,19
938106,1680,12
483176,565,7
257447,685,9
52254,380,5
489310,420,10
3104,740,5
491144,390,15
491470,315,10
491993,310,10
493422,245,0
413133,615,4
298298,140,10
235113,250,15
514292,520,10
511080,585,4
422035,415,10
134959,750,3
942340,1270,25
516821,420,10
945508,1515,23
537659,775,7
538736,635,12
538833,90,10
945455,1220,21
539961,210,20
519030,275,10
946362,470,40
544256,400,20
298904,475,10
318387,435,10
552836,280,15
947792,1025,14
548712,675,15
947814,1010,15
898285,1390,15
561100,685,7
949140,1485,9
566500,665,5
340936,315,15
949230,1165,18
570419,480,5
570460,705,4
462820,305,5
579246,390,15
586501,375,10
28304,395,5
308026,650,9
595500,235,10
952516,1375,27
604674,250,10
608017,585,7
607274,265,10
340898,595,5
610593,275,10
614700,350,20
634565,610,5
549380,650,9
954292,525,19
617318,480,10
618896,305,5
624101,400,5
