school,lowincome,parentedu
902344,25,15
19186,10,60
43362,30,30
54542,20,20
490822,20,35
137967,20,30
285552,30,30
891347,20,20
93548,30,20
900869,0,10
101214,15,10
161276,15,25
165042,15,20
908010,20,10
186783,30,30
202614,17,42
227331,10,50
230561,15,30
237191,30,25
278270,25,25
302350,25,15
920533,13,30
18309,15,30
926086,10,30
195200,15,20
410870,40,20
434922,20,35
442054,20,45
462616,20,30
468339,10,50
485497,25,40
515396,15,30
530603,10,50
958050,15,30
106913,20,20
548413,10,45
551660,10,25
895270,20,10
953148,20,20
144872,30,30
765031,15,40
827681,20,40
708011,25,30
715298,8,40
717703,10,30
865257,10,20
719919,25,25
735523,15,30
724068,5,40
728420,30,20
773875,10,60
835099,20,30
742279,25,25
746568,10,50
746690,30,15
706264,10,35
752932,14,34
756830,30,10
764370,10,20
868370,10,20
781142,25,15
756642,45,15
796220,20,30
815330,20,30
830984,10,45
823570,0,60
831840,20,20
865125,15,20
834688,25,24
841773,10,35
706744,15,20
842761,20,40
841358,10,20
845493,15,25
851752,12,21
856150,25,40
19313,25,20
893048,15,40
28673,10,50
39306,10,55
272319,5,15
66699,20,25
899569,10,20
93718,10,30
112917,15,25
145912,10,30
175170,10,10
190527,15,20
953776,16,11
181908,15,25
450242,15,30
913600,10,15
478133,16,29
242527,15,35
268003,20,10
268640,20,20
273694,15,30
923095,8,10
163619,10,30
285535,10,30
517103,20,25
366021,20,10
135064,10,30
927120,10,20
372781,30,10
406040,10,30
459441,11,20
578519,15,30
490040,20,30
504475,15,40
507725,15,20
943118,10,10
469900,20,15
523267,10,35
528650,5,20
944807,5,30
100438,10,30
535508,30,20
531073,20,40
945587,8,29
531090,15,35
945714,8,23
566667,10,29
417556,0,0
10472,30,25
11606,15,25
22322,15,25
552585,17,56
340804,10,30
67709,20,25
896969,10,20
169200,25,20
135143,15,25
458554,25,15
331307,18,35
167649,20,15
293776,10,40
524239,10,25
180789,20,30
925438,15,35
914444,12,18
281131,15,15
253316,20,20
152820,25,10
257168,20,25
257869,22,32
262935,20,30
273775,15,40
7681,20,20
915556,12,21
291030,15,30
919454,8,31
293750,10,40
323900,40,20
198978,18,23
364290,20,25
401129,15,20
403741,10,30
93939,25,20
951692,15,25
431028,30,15
605743,20,25
953253,15,10
450910,15,32
484970,10,40
940127,12,33
155683,15,20
531146,20,25
540200,30,15
569565,20,25
950262,10,25
688088,12,26
690015,10,35
696900,25,20
714453,30,10
716960,5,30
720232,11,20
750259,30,15
736481,5,30
739200,15,25
743968,10,20
749125,10,45
753084,15,25
762756,5,40
759309,15,15
751898,12,27
704940,10,40
779067,10,30
782050,10,20
789984,15,10
793256,5,40
810827,19,28
818453,10,35
831450,15,20
834831,10,20
834963,20,20
840530,10,25
840556,5,35
844977,20,25
846791,25,25
850950,10,15
853038,25,20
721255,20,20
711985,15,15
710296,10,20
737399,20,32
759430,11,24
732133,15,30
864218,20,20
774332,15,40
776602,25,25
751464,15,30
776599,13,24
705098,20,20
732800,15,30
689610,45,10
715131,9,39
828203,10,40
821553,25,20
715190,20,22
696269,10,30
691127,25,35
753670,5,50
736457,5,35
697630,10,40
741361,10,35
750646,10,30
759040,35,10
758787,20,20
769312,10,35
771651,20,25
788686,20,30
806102,15,30
751502,10,25
792365,5,35
792322,25,20
791938,30,20
803022,20,30
804800,20,30
802700,20,25
806277,17,18
725374,20,20
813907,15,20
736201,20,30
824593,15,20
828726,20,30
828874,15,35
828980,15,25
830283,20,25
726176,20,10
832502,10,40
832480,5,35
753602,10,30
844713,30,15
773450,15,30
680764,20,30
767431,30,15
803065,10,20
814555,20,25
733067,5,30
773026,10,45
23549,40,35
199761,10,20
165468,20,70
165409,20,40
918997,25,40
117382,25,60
310415,30,40
907553,20,30
910554,20,35
914723,20,50
907308,20,30
907642,20,40
934852,10,20
896889,10,50
925326,10,25
901037,20,40
952803,20,45
961008,35,30
907588,30,40
156167,15,40
165441,20,40
447621,15,65
4367,20,20
194069,40,30
165212,15,45
497134,30,60
572312,10,60
156264,30,40
165417,25,55
282260,35,45
156183,25,45
165395,40,25
156256,15,45
419354,25,35
165450,10,45
302481,10,50
19735,15,70
191313,20,50
32247,10,35
165000,20,30
309192,30,35
442869,10,30
539105,20,55
311090,20,30
480785,35,50
10340,20,60
328910,30,30
157909,25,50
232544,20,60
164941,10,45
619655,10,70
42108,25,75
165484,40,20
165476,20,65
165425,10,55
412543,10,30
298133,15,50
530476,20,30
588462,15,60
298572,50,30
629646,10,40
426502,10,70
186910,35,50
705128,30,50
766928,20,35
705497,10,30
849732,30,50
750468,10,45
739984,10,60
704997,10,40
735092,25,60
781231,10,30
772491,20,60
839486,10,70
683922,15,35
733458,25,40
740390,10,25
846041,30,40
751073,5,35
705357,15,50
706477,10,40
691950,20,40
782017,15,30
790001,15,50
865368,10,60
789369,15,60
694100,10,40
699764,15,30
707910,15,35
707970,20,60
722510,15,35
837115,15,35
689705,10,50
795917,10,55
705411,10,20
733555,15,40
690007,20,35
729949,10,55
737330,40,25
732080,20,50
828752,15,40
738166,10,50
738190,20,40
773943,10,65
705330,25,60
774642,20,40
815640,30,20
802662,10,60
800490,20,70
788438,10,50
798223,35,35
810398,20,20
819026,20,35
841308,30,45
694632,10,60
837180,15,30
845744,35,25
842524,10,60
848808,10,55
861529,30,30
690740,15,45
862525,25,60
730211,15,25
822671,15,70
838632,20,40
773557,15,75
822000,15,75
725714,20,30
758965,15,30
760021,15,60
861391,5,55
755532,30,55
727270,10,35
342432,10,30
568961,10,20
332100,20,30
460338,0,40
242853,10,20
157325,10,50
408735,15,40
282898,30,30
327425,20,40
164909,10,30
174882,10,30
539197,10,40
907448,0,30
907570,10,30
67321,10,40
199737,25,25
165182,20,20
314242,15,25
469165,20,20
156230,10,20
902306,20,10
922870,20,10
918296,20,10
919055,10,20
946117,10,20
909335,20,20
111532,15,20
260926,20,20
848662,20,30
685011,10,30
697605,20,40
710660,15,25
701580,20,20
753068,20,20
854590,10,35
858366,20,20
860441,20,0
730335,25,30
781255,25,25
712592,15,40
718815,20,30
804392,10,35
733228,10,50
770396,20,30
767894,10,30
728807,5,30
723592,20,25
704920,0,35
728330,10,25
725684,15,20
752908,20,30
695050,9,30
752720,10,30
713740,20,20
705225,20,20
698202,20,40
753297,15,30
754102,6,51
725668,10,30
861367,25,30
737208,30,15
707465,10,30
750034,35,20
698075,5,20
766321,10,40
795186,15,30
798304,20,40
799998,5,40
753840,5,45
813257,10,20
697680,5,20
841595,10,30
857327,10,35
857459,10,40
697940,10,40
699373,10,30
863696,9,36
840947,10,40
860443,10,35
738417,10,20
808440,30,10
787779,15,50
860515,20,50
701718,5,30
705949,10,20
686638,20,30
686760,10,35
687677,20,15
687936,20,30
815377,10,20
685186,15,40
707996,20,10
723290,15,15
723169,20,30
805580,10,30
807796,15,20
724157,10,30
798401,10,25
705322,20,25
835358,20,30
785466,20,20
853291,30,10
787124,10,30
794708,25,20
815985,10,20
707309,30,30
819107,15,25
860310,20,30
863823,20,20
698725,15,20
711110,15,25
822507,10,20
864650,11,23
705020,10,20
767978,20,30
705276,5,60
752550,25,61
750107,25,55
752576,10,60
696030,5,30
705241,10,45
752899,10,60
685986,10,65
718973,5,65
751120,30,45
855949,10,30
705314,6,57
705373,10,40
694827,20,45
695955,27,33
705233,21,50
710903,6,58
696021,5,30
750085,5,40
846435,10,60
758231,10,60
832670,9,60
735632,15,35
731385,7,65
705047,5,60
866248,10,75
769765,7,69
705390,5,62
741671,5,60
764264,25,30
703168,10,60
705055,10,60
864730,20,70
701688,55,30
722901,15,35
705136,10,70
696005,8,31
701670,10,25
865648,10,60
725536,15,65
734314,20,60
753157,45,40
705420,10,45
732397,37,44
761251,10,45
735920,10,55
796656,10,65
688762,5,60
705365,10,50
753203,10,55
793027,30,55
701971,0,35
156159,5,70
703095,5,55
752625,10,70
860573,50,35
709387,15,60
861871,23,62
733402,10,70
730980,10,40
709646,10,55
740845,15,35
861480,24,60
703753,10,60
725633,20,65
786634,10,70
698989,11,31
871029,15,30
774379,20,35
809390,10,30
696048,10,20
707511,10,30
704989,10,20
705004,20,20
704970,0,10
771473,10,25
705110,20,30
707449,20,30
738379,40,30
737070,10,20
738506,5,20
754757,10,10
774480,20,10
775169,10,35
786470,15,50
787329,30,35
761125,5,30
806625,20,20
808180,15,25
811599,10,20
705403,0,35
846449,15,50
862886,5,40
762946,5,35
811173,40,15
789607,10,25
705970,10,35
704717,20,35
728772,10,34
708500,20,40
705438,10,30
791601,20,20
707015,15,20
866569,20,50
707880,20,55
708054,20,35
732400,7,63
797359,20,55
695025,20,50
765865,10,30
705349,10,50
768138,10,40
774901,10,45
787515,50,30
791288,10,10
792187,20,40
804150,5,40
715539,15,30
832626,19,20
863009,15,20
845639,20,15
855375,20,35
861170,10,30
730327,15,25
822540,20,30
863394,30,27
863726,10,35
728659,20,30
701777,30,40
761907,10,55
922609,35,35
907430,23,44
912662,10,52
898582,10,20
920550,35,35
907464,20,20
949540,20,25
904945,20,40
901539,10,20
930144,10,50
907421,30,35
488291,10,30
412597,41,45
230,15,20
79839,10,50
138681,23,63
417726,5,60
419796,24,67
204986,44,44
215970,10,55
194239,5,60
287180,8,71
196502,10,40
302864,20,30
156108,12,54
439568,10,25
540030,10,60
313190,20,25
323187,25,50
242420,20,60
384771,10,50
164852,45,35
247352,9,62
156051,50,30
327445,10,67
530457,10,60
250627,30,25
156035,35,45
208944,5,40
383392,27,23
195774,40,40
383376,15,30
559458,24,58
590,0,75
890200,12,37
505005,30,20
894109,10,40
70661,30,20
73784,5,20
84700,30,20
94978,10,45
105767,20,25
121754,50,10
235750,15,50
547449,35,20
935455,20,20
131890,20,35
139823,30,10
1793,30,10
156418,35,20
906328,5,53
906972,25,10
907677,12,40
165956,40,15
195596,30,25
197416,20,25
326785,17,45
207810,10,30
210358,20,25
218600,20,35
201138,5,60
221856,17,33
914010,12,35
225754,10,70
226556,10,45
228010,15,60
897646,19,21
229520,20,40
914517,8,39
294037,34,30
254223,35,30
281000,5,55
281654,35,10
264237,23,41
1649,18,28
283991,20,35
287660,25,38
304921,5,45
921750,21,29
922854,20,20
313114,40,20
318086,15,35
344834,10,25
352500,20,20
382868,10,55
414514,25,60
414905,20,35
417521,20,20
419320,20,35
433357,10,55
436747,10,40
557773,35,15
514780,20,50
449350,45,15
935700,15,15
451568,10,45
452084,15,50
455989,15,30
456110,20,30
455075,35,20
455202,25,20
457540,35,20
458066,30,15
461415,15,35
483117,18,33
485365,25,30
491861,30,25
505382,9,39
514748,50,10
942464,15,45
517453,5,50
117722,5,25
944157,25,22
529648,10,65
945064,22,20
535419,15,25
536636,10,35
948055,18,23
254519,15,55
569348,30,10
573507,30,20
947180,15,29
156841,5,40
598984,25,45
952214,18,33
602493,25,20
607436,20,35
510530,20,40
581178,15,30
618870,10,50
45578,10,30
97969,25,25
902292,5,25
114073,15,20
140210,20,10
908924,20,10
181552,25,20
619738,20,20
193771,25,20
221554,15,20
76104,15,25
918288,15,10
600222,20,20
347957,30,20
919063,20,20
291048,20,10
296600,20,20
920363,20,20
384224,20,25
445061,25,20
468371,20,30
943509,10,10
428797,15,25
502030,30,15
946940,12,25
50571,15,25
270291,20,30
948578,14,24
361747,20,25
685461,10,60
687308,21,31
689556,30,45
682438,40,70
693715,30,65
749813,11,42
850888,15,32
697095,30,40
701807,35,60
703222,20,80
696307,20,20
706337,10,45
857238,20,60
730441,14,49
706957,29,56
708038,20,40
708070,20,45
708143,12,48
714909,35,34
716405,10,40
718114,14,39
819219,10,50
722790,14,53
724564,22,45
726494,20,40
798118,15,57
730742,15,55
731447,25,50
690694,13,34
742171,20,30
742821,15,60
782606,10,60
747440,25,70
742333,11,53
749087,20,40
747882,16,46
750042,20,50
751430,19,47
752029,20,50
753211,7,41
867942,10,40
759481,15,55
770434,20,45
766364,11,60
759562,30,40
767255,16,64
772496,10,45
770620,10,50
771759,25,36
773530,15,30
775606,15,41
776092,15,55
776742,5,40
777528,20,60
780804,20,50
781401,39,53
781819,15,40
783870,10,70
784290,15,55
785393,6,56
785997,20,50
786730,20,50
690031,5,65
788511,10,36
787647,5,60
789143,10,50
789763,15,80
792586,20,50
792594,16,58
792020,21,61
794791,30,50
795852,16,64
796468,20,35
797316,20,70
797278,30,40
798274,15,45
800465,20,40
801100,10,50
801178,19,39
690708,15,45
803502,29,36
801577,10,55
680435,5,40
806889,20,30
806919,16,55
811041,15,60
816396,20,55
800007,10,70
816906,25,45
818500,20,40
819883,20,40
819433,10,70
821381,10,59
750298,23,56
822639,10,50
822655,11,36
821365,10,40
823090,10,70
823953,19,50
824950,25,25
832308,25,60
835536,15,40
836036,6,38
839256,15,60
841730,20,45
843547,10,30
845779,20,55
846473,25,55
847933,35,40
848751,25,60
848930,15,55
849286,7,40
850071,20,75
850217,21,71
850365,10,65
850403,18,55
851000,10,50
851299,25,50
852651,13,68
854530,15,33
856207,22,49
856673,18,51
856959,15,45
858420,19,60
857165,15,65
865362,15,40
683246,15,55
715030,10,65
812896,15,45
775797,5,75
738857,18,81
684199,15,50
783161,30,35
807712,15,50
860217,10,55
681937,10,60
706631,15,60
776175,10,55
696056,20,71
723967,30,40
750557,6,53
724106,20,60
721020,9,44
688182,15,46
864570,6,36
736228,20,45
784979,11,42
733229,20,55
863785,10,65
843466,20,50
706418,15,45
685984,10,44
860676,10,50
703923,12,41
871140,15,40
706990,20,45
710083,11,42
710954,10,30
720313,20,20
735060,20,15
826211,30,15
741310,14,30
845884,35,10
738050,13,44
764434,20,20
771406,10,50
777242,16,45
762083,5,50
691259,5,55
781282,15,40
784133,14,32
789178,12,54
791806,20,40
796352,20,10
798258,13,47
798460,10,45
803057,13,47
806972,5,60
724084,10,30
805327,20,45
811696,5,50
814423,25,25
762733,14,54
772020,15,45
750435,11,52
818844,0,65
820830,10,60
730718,25,40
823015,13,47
826278,9,46
830801,10,60
835668,10,55
840696,14,48
843156,10,45
733040,20,40
852902,15,40
854980,30,20
858960,20,50
2801,10,35
890855,12,41
9008,10,40
14052,10,55
892025,10,40
20036,25,50
36609,25,30
38083,10,25
38164,15,20
42269,10,40
637517,3,62
33880,35,20
33952,23,35
896446,10,25
934991,5,50
179554,4,63
72907,15,30
73547,15,42
82686,8,57
97110,10,59
94587,10,25
619779,4,56
22128,22,10
443638,10,70
117463,25,20
116840,10,60
124222,15,20
170662,33,17
904392,8,49
147109,30,10
147885,10,50
147915,20,40
148148,15,30
5215,10,40
905674,7,49
905585,15,25
165514,9,62
156078,10,40
906565,17,20
493031,10,55
192210,10,40
193119,10,50
531551,10,25
206253,9,52
911291,30,10
210277,7,66
213829,10,50
218103,50,10
219908,25,40
567787,10,55
221805,20,25
477435,10,30
244791,10,20
916331,12,31
231533,14,52
259160,25,15
918423,13,43
280844,5,65
559271,12,53
283495,19,40
286095,7,55
446033,13,49
124745,15,40
304379,5,50
99872,40,20
311707,15,45
313050,15,50
312983,15,50
321176,10,25
328740,12,54
348503,45,15
932345,11,38
350508,20,20
356271,5,60
580847,13,53
450298,11,57
493816,13,57
394819,8,50
932329,19,31
425630,10,70
935310,10,45
443573,8,44
935360,13,41
936227,10,33
477303,10,40
458830,16,40
461423,5,50
463396,45,20
451177,9,38
937525,17,30
336001,7,56
489336,15,40
201258,13,50
490563,5,65
509736,10,45
503720,10,40
197235,10,56
531049,12,45
941603,9,48
515523,20,20
520225,15,48
622044,20,40
526673,12,46
536512,12,45
542148,10,35
543861,20,35
551066,10,50
96270,15,20
566870,5,50
948969,7,46
569933,19,48
569216,10,55
570389,5,45
577049,50,20
92886,15,49
577669,13,28
309061,20,47
93700,16,30
590916,20,20
325635,30,20
598909,10,55
595535,10,40
171101,4,65
610704,6,54
525960,9,52
614904,3,52
617440,30,10
438276,15,54
4758,25,10
31739,20,20
41807,40,10
521116,10,25
403466,15,30
34339,25,20
896187,14,25
62006,20,25
70254,10,30
75604,10,40
899046,5,25
89966,10,20
90077,25,15
90816,55,15
468064,8,40
192880,18,26
126306,10,15
903728,12,14
136441,20,10
151130,20,25
906069,10,30
170372,25,35
220035,5,40
226017,40,5
891304,20,20
227056,35,10
229393,10,35
233706,10,20
915033,5,30
265608,20,15
280097,10,15
281263,0,50
282308,10,30
295434,25,10
145602,14,27
97314,15,15
308170,20,30
326259,20,30
329100,40,10
132010,20,20
898007,7,33
378372,15,35
930245,15,18
410225,10,25
502324,15,40
417505,10,30
97446,10,45
97578,10,20
933490,10,32
934402,23,15
451304,20,20
452866,20,25
456764,50,0
469505,10,10
485306,3,31
494208,15,30
412984,11,36
505510,0,25
941557,11,21
521760,10,40
403725,15,35
153931,25,18
916412,20,10
949035,10,15
584037,10,25
586110,10,20
176049,12,38
950785,10,20
1899,15,20
596647,15,15
1104,10,45
18660,20,25
19054,5,45
929727,7,39
41297,8,49
41947,17,58
98094,15,20
95885,10,50
91073,5,30
123838,50,20
131245,0,60
134880,20,10
142948,55,25
590984,20,45
362379,10,20
164690,35,30
909440,7,30
334012,16,27
222119,40,10
201391,28,33
203009,72,22
911780,8,27
211192,65,30
34361,47,30
220817,20,55
222240,20,25
91464,10,35
245658,10,35
917249,38,21
268267,15,35
279315,30,30
91596,12,34
283347,30,30
294659,45,25
920100,8,30
300500,10,35
308897,7,55
551941,8,52
922188,15,12
327026,30,35
331180,10,40
338206,25,10
343536,60,30
376035,20,5
411787,37,55
435872,15,20
452734,10,60
454168,54,14
457280,25,40
462098,27,11
574155,50,20
939218,18,28
491217,30,35
491764,65,10
939765,10,46
498513,6,69
526703,10,70
243524,21,55
539427,11,48
902299,8,46
949612,20,50
440256,31,20
950009,28,19
950394,29,28
147362,58,17
951927,10,25
918806,41,21
607541,40,20
953822,30,20
687286,10,60
688231,11,47
689726,11,50
693987,5,50
697125,4,45
761182,8,63
708160,9,64
714712,5,50
716936,10,65
718483,10,45
719005,15,55
704300,13,62
687394,12,67
738271,7,46
737147,12,71
749052,10,75
734373,5,50
810355,11,68
758280,9,74
768936,18,78
772647,8,74
683661,10,64
681054,16,66
777650,14,76
780871,4,63
781436,4,52
838178,0,70
786861,10,75
789232,10,70
696392,15,60
792039,10,60
793884,13,45
755052,15,80
798010,12,71
801283,10,75
804410,15,40
680039,10,80
809144,10,40
820679,10,80
821241,5,80
823058,5,60
681423,12,84
823180,11,81
834319,15,50
798827,18,62
839442,10,55
840912,10,60
843989,10,62
848484,10,60
794978,15,65
729159,10,70
854212,13,60
856630,5,63
858889,5,80
684465,20,50
779,20,70
913715,14,74
890332,5,30
6777,10,50
890987,10,45
33680,5,72
344051,9,73
251664,17,66
124887,18,65
59501,10,60
66249,15,60
66761,10,60
58360,5,50
586248,11,65
70777,15,50
897353,16,43
411795,5,60
85898,11,78
90140,10,55
94455,15,45
77046,7,79
76970,10,65
111090,10,35
967740,11,53
147281,5,55
893675,8,62
156469,5,90
169110,5,55
164267,10,70
206470,10,80
121112,12,67
180123,4,50
193046,10,70
194263,9,74
474578,10,78
206474,8,60
901439,12,70
940968,10,40
890405,5,30
940976,10,50
940984,10,50
940925,15,40
212369,10,55
912433,4,44
216267,5,80
220523,5,50
220426,10,60
245259,10,50
111600,9,66
253340,17,75
158377,9,59
918300,13,68
280356,15,50
138990,14,75
285161,8,77
223746,6,68
286087,5,65
408543,10,84
291536,10,65
299855,25,25
304271,10,65
312460,5,70
924393,9,43
334693,8,85
336122,10,50
345229,13,64
353183,9,33
926736,12,53
368857,10,55
376086,20,55
380199,12,77
928160,8,53
383570,5,85
932060,9,73
414646,30,55
76727,14,82
421472,7,76
310777,12,69
154705,12,87
433888,5,55
70734,10,50
437565,5,60
442011,12,81
444022,12,71
445193,8,64
445452,5,60
451720,17,82
485438,11,70
487252,10,50
937665,11,43
487570,10,35
489395,15,35
495263,10,55
556807,10,55
510289,15,70
510130,4,63
515353,5,45
536881,10,60
543217,12,71
550361,20,50
947539,11,59
393777,13,71
557269,15,50
369253,17,65
579742,15,70
579874,10,60
597260,11,77
953121,15,60
743868,25,42
689750,14,27
689386,9,52
690279,20,30
693650,35,40
695343,33,17
699500,5,50
710997,10,50
717053,40,10
704288,10,65
819028,14,68
721972,10,55
745650,30,25
742350,5,60
748544,10,35
748633,13,48
752800,25,40
756180,20,25
765180,30,20
772046,0,75
772160,45,10
785865,25,25
775681,10,55
778028,10,65
838541,30,20
784400,10,45
786152,30,30
789720,22,24
792217,10,30
825892,6,65
799530,20,30
800430,19,26
770965,10,60
694134,12,35
751553,20,30
804673,15,25
814032,30,50
866725,30,20
817678,40,10
820652,25,25
821705,20,30
821268,30,30
696196,13,37
824313,20,35
827401,11,50
745279,7,40
834220,25,25
839779,50,15
842389,15,40
851264,20,50
733105,20,40
854336,5,60
855685,16,37
773786,10,43
858102,15,45
863955,24,34
728,15,30
2674,40,30
11568,9,58
891894,9,53
287210,14,67
50415,10,55
41548,7,40
90131,40,15
41980,24,40
68845,20,30
560408,53,6
89257,30,10
91723,55,30
105503,25,45
213012,25,63
132020,20,70
488921,53,11
448940,10,65
153087,15,60
916579,9,41
158151,14,68
171123,40,25
198668,10,55
196240,8,62
18961,10,65
203912,35,20
114477,17,33
212490,20,30
217050,30,20
217301,30,20
913081,26,23
222135,25,35
229130,30,40
233552,5,62
252557,30,30
254096,55,20
256048,20,25
891401,20,30
220145,51,9
261378,25,35
273201,20,30
281492,15,50
281026,10,50
303755,48,39
94608,25,22
313173,20,35
314544,30,15
345873,10,60
360309,30,20
361739,10,40
364983,5,40
375900,15,30
376299,10,35
376949,13,31
378178,20,50
893455,22,24
412309,22,37
932507,11,36
434272,45,10
437557,35,25
25897,45,12
464430,37,6
548172,55,30
466387,20,35
467324,14,45
468207,15,30
476773,22,37
927163,30,20
480738,25,10
484199,30,25
490695,20,10
493163,10,60
495379,25,50
939730,12,32
941328,18,23
941719,19,31
515329,40,20
516244,30,25
466639,11,65
942448,28,8
526983,10,50
465860,5,50
539570,30,35
548022,10,50
550817,25,33
579155,20,70
918563,25,20
578703,30,10
579610,31,6
950653,8,51
951820,17,52
952478,15,34
602957,30,40
603538,40,35
615498,9,63
624721,10,50
8795,10,40
26743,20,20
512796,15,27
893803,12,28
49506,25,20
122661,10,30
899275,16,33
147957,30,25
900478,21,14
139173,10,20
927252,16,22
202495,10,20
203130,15,20
244600,11,32
246034,21,28
349909,20,20
290130,10,30
328456,20,15
92509,30,20
344338,30,5
18279,10,40
349640,20,20
929980,20,15
409839,10,10
433497,25,25
453382,25,20
453641,40,10
936618,20,30
473211,21,33
455598,35,20
463264,30,25
465470,40,20
515639,20,35
96016,10,30
478084,16,17
600610,15,30
162909,25,10
948705,19,15
545008,25,15
557146,25,15
564133,15,25
568821,20,5
407275,25,15
717312,10,30
832634,10,45
747211,10,25
706396,20,20
867985,15,25
766976,10,40
768405,25,25
771686,9,17
868639,10,25
731226,10,35
763721,15,40
698334,20,25
812994,10,40
732788,15,25
827940,20,25
832545,8,26
705748,10,30
713678,10,30
713996,30,20
817448,16,38
716014,25,30
742929,30,20
746045,20,30
745260,30,25
755923,15,20
791024,20,35
731870,10,40
825999,20,20
828467,25,20
776076,15,30
826901,10,50
841986,20,40
792017,30,27
918598,15,10
890464,15,40
2194,20,40
20222,10,10
20877,25,30
242390,10,25
33812,25,20
895539,9,25
62995,15,30
246425,20,35
71056,10,25
102644,17,31
91855,5,35
898260,18,14
97187,20,25
899224,15,25
445658,7,34
105678,10,35
251356,10,30
901687,9,30
901512,5,25
967836,11,28
115380,15,20
504632,10,35
69841,5,40
903078,5,33
903337,8,44
131768,5,25
136891,0,35
124907,8,36
147621,20,30
147826,10,32
434858,9,33
906719,9,29
166340,17,36
182338,10,35
56723,10,30
240184,10,35
242780,10,30
244422,10,30
249939,20,25
250325,30,20
255912,30,20
256897,20,20
282081,13,45
357120,10,35
287890,15,30
288802,40,15
919195,24,25
289884,30,20
289841,20,20
295698,15,35
402908,11,33
325040,10,35
551333,5,30
241091,20,40
364665,15,50
380733,12,28
384747,8,34
403334,10,30
91987,10,45
403350,10,35
515252,10,30
931543,15,20
412180,20,25
412171,20,25
109010,5,25
428680,30,20
439983,10,20
935182,30,25
241610,10,30
936090,10,20
454818,36,27
462225,35,30
464562,30,35
467529,20,40
489298,40,15
491632,15,20
501557,10,40
62340,10,30
527661,10,30
381233,10,25
551074,25,25
110728,10,35
947563,15,32
578053,10,35
587150,10,25
587443,10,20
602361,10,52
894230,9,27
583403,15,30
905283,8,24
157503,10,20
190390,20,25
30759,0,40
275026,20,5
918113,20,20
288675,15,35
296996,10,30
570516,20,40
406929,10,25
486663,20,20
937789,0,15
478997,10,35
514659,20,20
936871,0,25
569739,10,30
806436,20,25
805068,10,35
819360,10,40
864471,10,25
864617,15,30
821225,15,30
301825,0,0
11517,50,20
21008,20,5
72877,20,40
130982,20,35
127868,5,40
236136,25,48
198587,5,45
222372,10,45
915424,16,33
287091,10,40
300632,20,20
914410,20,20
352764,35,20
353159,10,50
409618,5,60
415553,40,5
509566,50,10
530344,40,30
950848,13,28
517216,10,40
570125,20,30
952087,13,27
602620,25,20
604992,20,40
169207,13,56
78,40,10
1244,5,55
891274,25,10
895148,15,10
55719,25,15
61824,20,40
62081,10,30
63517,5,65
66370,15,30
88609,5,62
919322,15,21
118583,5,20
120715,5,30
135135,15,25
148660,10,20
587281,20,20
185841,10,35
185833,5,45
226661,15,15
890861,21,11
230693,25,30
237329,20,25
243175,30,20
247197,20,20
255394,40,10
275131,10,45
918938,18,13
297127,25,30
297380,20,25
619787,10,20
304140,15,30
305510,10,20
921408,9,20
921530,10,10
308307,40,10
319872,35,15
356026,18,29
361895,15,5
371610,0,30
265640,20,20
910228,10,17
930636,9,29
432918,36,8
622257,10,30
462748,40,10
462870,10,30
463000,40,10
109920,20,20
938696,10,15
486922,10,30
491080,11,37
516074,10,25
548707,29,20
551147,20,25
556602,10,10
948446,10,15
572853,35,15
580007,20,15
570326,25,10
950521,19,15
604054,10,15
615757,30,15
625221,30,10
258016,10,30
18791,11,33
33235,10,35
34959,10,30
893773,8,42
76120,20,45
88471,10,40
90158,35,35
92371,30,40
99260,5,25
119547,10,40
226482,4,60
170895,10,40
184284,10,20
909181,10,25
191027,10,30
936740,40,15
911135,8,38
218219,10,40
601342,30,10
930348,15,0
245909,10,30
281786,11,50
514721,60,10
447790,10,25
920592,5,39
52045,5,55
306037,0,70
307831,30,15
962236,30,20
321567,30,40
322997,10,35
924130,24,27
206199,10,60
599271,10,45
344149,40,20
927902,15,20
384615,10,20
890596,30,10
403040,30,15
415421,10,30
441589,5,40
449873,25,50
453129,15,30
467553,5,55
483419,45,10
483540,20,45
505099,15,30
240828,16,27
538922,15,30
946494,7,26
544779,15,55
547891,20,20
551376,15,20
562289,10,50
263320,10,50
591270,10,50
615625,15,75
688061,20,15
690406,40,20
695734,23,36
704253,10,30
716294,20,25
704237,10,30
718874,30,40
723673,16,59
724513,24,17
732346,15,15
868698,15,20
733032,16,51
737593,20,60
741884,10,35
745138,10,50
752827,21,29
757225,10,30
762814,30,25
771139,30,25
772615,22,37
777633,20,20
781266,11,74
782440,20,30
785911,10,35
790583,20,30
794279,0,65
810916,11,23
815594,15,20
816116,20,40
816027,10,20
822590,16,52
823139,15,50
823910,20,40
825867,10,50
831190,8,26
824437,20,20
832758,50,20
835129,10,30
836915,10,45
838608,15,25
841463,10,70
847186,30,10
850179,40,20
729140,10,65
854280,11,55
855898,45,50
857840,10,20
763602,17,54
874085,13,34
806137,20,50
690066,10,75
798986,10,65
371742,0,10
372005,30,20
266063,16,39
943630,20,20
20540,20,10
40331,15,30
901385,16,27
156728,15,30
156981,25,20
190411,15,10
925179,15,10
196169,10,35
271128,15,35
70246,35,20
76074,10,30
328278,20,10
328588,30,10
505820,20,30
348732,25,10
351202,10,40
400475,15,45
946109,15,20
934275,15,25
437329,20,35
420428,25,35
441945,20,40
514187,25,30
523712,30,15
385263,10,30
542172,30,25
543993,25,20
577537,10,55
579459,15,40
214588,20,30
951463,20,25
536326,30,30
953385,11,33
317124,25,20
686042,15,40
688320,15,45
690791,8,40
693910,25,30
703796,19,32
706655,30,20
715247,17,29
718092,13,32
726087,17,20
728098,17,48
730831,15,40
782831,20,30
737720,15,35
740195,16,32
742155,5,53
743577,20,30
694304,23,28
749427,30,20
758264,15,35
790818,15,42
773662,16,31
761710,13,34
766453,10,60
766712,30,20
768928,30,25
770353,15,55
770612,10,40
773344,30,35
775550,30,15
719390,20,25
783749,35,25
786349,30,25
787906,10,50
789330,20,30
793752,20,20
744743,20,25
799211,10,40
715166,25,30
803766,10,50
694177,13,48
808709,10,50
809098,15,35
816892,15,30
823112,7,50
823783,10,30
826120,30,30
827819,40,10
832880,10,50
836001,40,20
837563,50,5
838993,10,35
844322,20,55
846147,15,25
688784,20,55
852910,25,20
744352,20,15
736465,10,50
384801,0,0
724467,15,40
733172,25,15
743054,25,20
748250,20,25
766585,20,25
790176,20,30
795798,20,35
797391,20,35
763659,14,26
754625,10,40
857580,20,10
810002,20,40
815462,15,20
689491,30,20
706027,15,30
716537,25,15
740454,10,20
863440,20,30
704854,20,20
758914,15,25
839515,25,10
862134,20,20
800902,20,25
815616,10,20
840688,20,15
758000,20,15
813770,15,25
839388,20,10
724777,7,70
724769,10,70
688193,40,30
695963,10,60
699241,10,65
699896,25,65
700193,10,50
691100,60,30
707724,20,50
724530,10,70
689971,20,50
760013,3,72
864609,20,65
741485,30,50
711497,10,55
718408,0,75
724742,8,54
724734,9,63
721085,27,41
722561,30,50
689181,28,35
725617,30,45
759538,5,60
809020,30,35
812757,35,45
753823,25,60
707821,60,30
734349,20,50
749168,40,35
752193,10,50
711721,60,25
759970,5,58
760005,3,70
701599,10,70
691232,7,69
773085,35,50
775290,25,60
779326,26,54
780774,40,50
740586,0,40
784451,0,60
785822,15,65
688738,10,60
789070,50,30
754832,11,72
702749,10,55
794406,15,70
796093,10,55
729795,5,70
691186,5,70
753246,5,74
804126,20,75
764914,8,63
764922,9,69
708470,6,70
726036,15,60
820792,40,40
821195,30,50
864331,5,58
827843,5,60
708267,11,47
708739,10,60
704873,9,56
828386,10,60
720569,5,60
707694,10,40
833010,65,25
835617,20,65
836265,23,42
688878,10,60
816132,33,42
841900,35,45
689203,20,50
842915,25,50
843296,7,58
845124,6,61
845620,5,50
847313,19,47
849260,30,50
702250,5,60
856118,19,60
849407,5,70
689173,35,45
700227,7,73
702385,10,60
848612,10,70
843510,13,59
838912,10,90
731374,15,65
814241,5,70
750271,20,35
751375,20,50
741680,10,60
733270,10,70
733288,9,60
689130,45,50
744065,5,66
864510,20,55
566,3,67
890243,8,55
320510,6,73
947210,33,36
4626,15,70
13986,19,70
20354,50,30
119207,10,65
32271,10,65
36340,50,50
36862,20,60
894362,18,52
315877,25,55
41670,25,40
40665,11,65
55069,40,55
61077,15,70
34452,10,70
63908,8,81
896705,23,46
906514,6,57
76511,40,40
898317,14,56
84832,40,45
86240,50,30
86487,10,55
86452,5,55
383252,8,67
90182,35,45
282953,12,70
101869,60,30
107778,10,80
671053,25,60
902586,10,65
121886,15,70
121940,15,50
671207,10,60
131504,35,55
139432,20,60
153508,35,45
151416,5,55
634184,10,80
906484,10,74
170763,30,55
907898,20,45
177008,6,91
50261,10,60
129674,5,50
83456,11,65
193640,35,50
196266,30,60
196762,10,80
197211,19,71
88560,10,60
911143,10,55
211583,40,50
216658,20,70
912697,14,57
224197,10,60
392197,15,60
913472,29,36
223930,5,60
424919,10,50
62050,7,73
250848,40,40
419222,5,55
252875,25,50
356980,5,50
916854,23,53
259810,10,75
264628,7,94
273333,5,62
287202,7,72
286168,10,50
918954,8,63
285455,11,45
579722,10,80
287563,9,65
287156,10,60
302759,11,73
452440,30,60
305057,20,60
37699,20,50
922960,21,53
27235,10,68
900494,11,60
332356,36,48
332488,25,45
332615,5,75
129690,5,67
345903,8,62
356409,20,55
925691,11,52
114334,25,55
423874,0,45
382272,4,84
928291,13,64
929425,15,50
407232,10,60
419389,5,60
424650,5,60
932710,10,45
925403,25,40
444936,45,40
448834,30,55
463523,45,30
465089,60,25
480428,25,55
939420,20,45
483150,0,50
938564,34,38
487180,35,50
121690,30,50
487317,50,40
487384,20,60
319937,29,54
60925,0,70
488356,20,70
489360,15,60
474444,33,47
506168,35,50
942952,20,40
942014,12,63
620213,15,70
942332,7,57
516694,30,50
942855,6,56
204901,6,67
310646,10,79
565750,5,75
537624,5,65
595012,9,49
330043,8,65
554910,10,60
383260,10,60
396902,14,64
577405,28,66
578576,40,65
579297,9,83
579351,40,45
61972,7,72
951366,5,60
624500,4,69
619523,18,71
954420,26,43
624330,50,35
4880,25,36
12815,20,55
11533,10,40
13463,12,44
57274,35,40
74438,5,35
901887,20,60
892203,20,49
21369,23,39
102016,20,68
503560,14,55
30880,33,36
32280,18,52
37907,20,40
40762,10,65
89058,15,47
49450,30,40
895920,20,33
896055,14,43
57347,30,40
250350,37,43
61107,29,56
198811,13,52
63525,22,60
63550,16,67
66532,25,50
71188,28,52
71781,10,43
514070,12,44
74047,10,40
74179,0,55
80454,38,58
27655,16,44
97098,20,55
33387,15,50
74373,22,74
918407,12,40
88340,16,53
899003,14,50
501875,21,48
899828,16,32
88935,19,55
89028,20,50
94757,13,45
901342,12,40
80741,42,68
107735,22,76
267840,12,65
59404,14,45
108626,41,33
111228,15,55
901660,15,51
111872,40,40
237787,20,40
122815,30,45
96327,15,55
123145,30,40
124869,34,61
35007,20,45
127515,18,70
133698,31,37
134198,13,68
909673,13,36
254568,18,68
140864,30,40
141070,13,70
186040,15,54
142832,22,37
603791,35,30
195640,16,41
158313,19,41
163449,20,45
165620,13,47
166936,22,64
167070,15,55
426375,12,65
173479,30,60
174920,5,40
276502,50,75
202987,21,74
185655,20,50
909092,21,54
185850,20,50
588552,12,51
192864,40,73
192910,24,54
193097,22,66
193070,30,30
194093,15,46
199125,21,48
910058,11,36
199362,38,63
201073,25,40
201316,15,70
201413,41,54
210455,25,50
218731,25,35
913189,27,44
217387,35,50
221538,20,40
494577,20,30
228940,17,50
229199,25,60
229377,15,46
230774,10,50
243426,20,45
253464,25,15
943916,12,38
250716,15,55
236845,19,68
916269,10,37
252530,20,45
253448,10,46
118827,15,44
254550,20,40
258121,10,70
258148,20,30
259322,19,40
263508,25,60
263397,14,45
917559,6,42
273260,28,62
274763,10,60
595134,11,61
5797,10,45
587234,9,54
309432,14,57
185731,20,55
935244,12,50
282375,20,45
918830,19,70
930679,14,33
289582,5,85
291986,10,60
297682,21,36
307548,30,50
308455,19,42
311960,11,69
952885,22,30
314579,12,68
499344,13,61
321958,10,85
924008,12,72
65223,16,46
904203,9,38
328324,15,50
328448,20,20
336467,20,45
345610,35,40
329215,20,30
925349,9,43
350192,25,55
444522,14,56
329690,13,49
351857,30,25
605063,19,82
925551,11,53
356921,11,65
364150,24,83
365246,10,50
366412,15,70
925535,14,49
372480,32,43
332933,21,50
419607,15,60
164342,11,57
372978,13,35
380164,35,50
382647,30,55
212749,13,51
930660,12,37
411655,19,33
414395,50,55
612932,24,79
427667,15,76
429465,10,75
431966,10,65
905838,15,40
436097,15,55
943381,15,34
958431,20,50
449075,20,50
449032,9,60
935832,21,52
464171,25,65
465232,20,40
466778,30,55
147831,21,55
476650,10,50
239570,12,44
938009,18,59
484580,26,42
484849,34,42
486400,30,50
487902,15,43
487414,14,49
561022,12,63
493318,17,48
330632,14,46
494275,15,45
494011,16,44
107280,20,79
939596,9,38
501506,20,60
519588,20,55
156880,13,35
509019,25,60
510548,15,60
519871,22,70
514241,30,50
514357,20,50
209969,15,54
514900,20,40
516210,30,40
373279,17,41
516430,35,25
518042,10,40
31851,10,52
626274,14,54
527971,15,46
528137,30,55
24650,10,40
962646,21,72
945978,12,56
536733,16,41
948187,27,52
550620,5,85
551040,14,41
551422,35,60
619299,20,55
954403,19,52
552259,21,76
552399,40,60
168221,15,33
552887,40,63
557234,26,53
6005,5,55
561037,10,52
561045,10,65
67723,15,54
918440,14,38
578835,13,79
107284,13,50
951404,20,50
598720,15,60
600091,20,40
229647,10,65
604780,19,72
605093,14,68
505790,18,51
614238,18,42
618063,20,60
619981,12,44
439738,20,25
706299,7,38
704261,16,32
737970,10,30
720240,6,36
721344,20,35
731358,10,40
730688,10,40
832146,10,25
767751,20,30
771783,22,37
774383,20,30
781304,11,51
786667,15,25
788147,8,34
850977,7,31
804932,20,20
751383,15,20
704318,10,30
741620,20,20
809535,9,33
705870,15,20
706000,15,30
825654,15,25
828858,20,20
830020,30,20
830410,12,25
829242,15,30
733253,10,35
840165,25,25
841498,20,20
842893,10,35
843024,15,35
845361,13,42
851116,8,25
851477,15,45
855006,10,20
417580,0,0
909190,0,0
932302,0,0
185930,15,25
2283,40,30
911609,20,10
9563,10,60
11550,10,60
26590,20,60
941542,20,25
73393,15,5
84310,20,45
85618,10,35
101478,10,40
105635,10,30
901121,10,15
105627,10,40
107719,20,30
494578,10,25
895237,5,30
122920,10,35
131008,40,25
4502,20,40
909319,10,20
672785,30,30
308439,40,15
145807,20,30
920622,17,26
311944,25,5
314676,10,30
116646,0,40
923354,5,40
53221,10,70
923486,8,47
923613,11,36
328197,16,55
924679,10,20
237582,20,35
125261,20,20
410918,12,29
456632,30,25
464309,50,10
468070,11,67
136964,5,40
479403,10,25
496154,20,15
941298,23,23
569992,9,30
314935,5,45
602558,20,50
892939,10,10
97209,5,45
141518,5,10
596092,15,40
910872,11,21
280747,10,40
366285,10,20
500445,15,10
937657,10,15
9954,25,20
487830,20,30
540005,20,10
689939,10,24
689343,10,30
695211,15,10
752410,20,30
717185,30,10
742147,25,25
744654,10,40
745910,15,30
748129,5,25
769185,20,25
774251,10,20
753580,10,30
798568,15,20
802980,20,20
814962,15,30
806234,20,30
829501,5,40
835226,20,25
856410,20,25
724076,15,30
854186,20,20
18830,15,35
2305,15,25
892416,12,28
37648,15,30
93157,20,25
100757,25,20
113956,15,30
167380,15,20
925365,13,21
253472,10,25
256307,20,25
291790,25,20
291404,10,40
904767,10,40
924431,15,15
355224,10,25
932434,10,10
469114,25,10
444677,5,35
462489,20,20
937916,10,30
193735,25,25
937983,15,20
11770,5,20
32700,20,20
123885,5,27
902747,5,20
90557,20,30
2933,10,40
3131,14,48
277495,16,21
11584,11,53
12971,30,30
186666,14,34
305731,20,15
186236,10,19
505808,9,42
314617,20,30
893064,7,26
893323,18,21
34762,5,35
37125,20,35
894060,9,30
32298,24,24
28130,14,35
895792,12,30
60445,20,15
71960,20,25
80268,18,46
456756,15,38
111465,20,25
114472,20,35
116815,10,40
902551,15,29
383708,40,20
185973,7,41
125482,20,25
130893,30,15
160172,0,55
907383,12,39
908274,10,25
181323,15,35
181757,12,23
195812,11,42
384550,13,42
201464,7,56
73065,10,30
928151,12,19
221740,15,22
233480,10,40
244996,31,17
485183,9,47
257346,23,24
595047,10,35
263079,12,34
595861,10,30
273988,30,15
274542,12,46
225946,10,40
918253,11,29
275670,10,40
124761,25,30
285684,15,30
311251,20,40
34808,10,25
87934,35,30
334820,20,35
336289,13,31
337862,10,50
366544,10,50
378089,20,40
466951,26,20
927724,11,16
384259,5,25
412430,10,35
902636,8,21
412570,15,50
414123,30,35
419346,20,25
968729,11,30
122092,5,10
451649,28,25
472360,10,20
480037,35,20
636037,15,15
507946,5,50
917231,14,24
595993,10,55
945196,15,20
110418,20,30
535281,25,30
543438,5,30
574287,17,16
40509,5,35
521248,10,30
551090,12,29
557897,5,30
559075,15,25
547123,16,35
948870,13,18
337030,5,25
579190,11,27
585599,13,33
580520,5,60
357316,15,30
586846,10,35
594970,20,32
612405,15,29
429619,14,31
622028,5,30
693634,30,25
706930,11,29
729663,20,10
720518,16,25
716413,10,25
711098,11,30
732303,25,35
732311,20,30
733563,10,30
732354,20,25
733520,15,30
737372,10,32
744611,10,18
745391,10,50
723630,10,25
751103,12,24
756962,30,10
808007,10,42
714208,20,30
516651,10,35
685145,14,39
770655,15,30
775061,15,20
777935,10,25
779849,30,20
781487,9,46
782130,15,20
786691,10,30
790044,10,25
798436,15,40
809179,15,40
801275,9,28
805840,20,35
813389,14,34
822566,30,30
828335,25,20
829374,15,45
833061,15,20
835749,20,35
836320,5,35
837199,15,30
840815,12,36
843342,20,30
844012,11,26
852775,11,21
773050,7,28
750905,10,35
824690,14,38
733199,5,35
868914,15,35
697567,25,20
708003,10,30
842249,20,20
710970,14,36
715492,40,5
719269,10,30
767339,25,20
724009,15,40
743984,15,40
757748,10,45
758108,10,25
765155,25,10
770671,0,45
771295,20,15
788813,20,20
803375,15,25
809233,10,25
811432,10,10
773757,40,10
833142,20,20
834602,0,65
836788,12,24
843415,20,20
846015,10,25
856800,20,25
857971,15,30
864366,14,20
689351,10,20
869673,10,60
701745,20,37
721212,5,30
730963,10,30
730971,20,35
750336,25,40
770744,10,25
777196,5,40
782181,15,30
783358,15,23
785954,50,20
791075,25,30
798878,0,40
804282,15,30
746827,15,25
757127,15,50
830399,20,30
714194,0,20
719994,20,20
742660,20,20
745782,20,20
788031,15,15
797260,20,10
808571,40,0
824046,20,40
214574,30,5
385131,15,15
912565,15,25
940666,10,20
924652,10,10
924784,5,10
338010,15,25
320650,20,20
929336,15,5
502006,10,20
550884,20,40
890073,15,64
540,15,40
1503,50,15
2542,20,30
7358,25,20
11576,10,27
11622,25,10
23990,30,25
612766,30,30
892670,30,20
26395,42,20
947148,30,15
467572,5,30
55611,30,10
72095,10,67
58416,5,70
72222,10,63
72613,50,15
82880,5,40
82759,10,40
136020,12,61
320005,10,60
899305,14,21
98876,15,20
106526,30,10
108103,14,69
901644,21,14
111406,30,20
902420,12,20
134236,30,20
136182,10,40
155810,5,30
430242,46,49
157244,30,10
49603,40,20
906581,11,13
160210,10,30
162221,10,30
163740,20,10
167738,15,30
170500,30,25
179752,17,49
137743,15,17
589890,15,30
190268,30,15
191825,20,25
201529,30,15
203521,35,25
217174,41,13
912824,20,20
912956,9,22
914908,22,32
245038,13,22
255300,6,31
257737,20,30
918024,8,26
918156,9,28
275514,5,20
133006,10,35
280810,14,82
522619,25,55
283410,10,80
560766,29,18
302664,22,24
166600,30,20
289710,19,50
451436,15,35
302716,35,20
469,7,57
438062,20,13
311855,10,60
318051,22,21
923745,19,46
923877,19,37
904503,5,25
321338,65,15
321370,30,9
321435,20,50
273724,23,44
46639,15,20
346780,12,84
351466,10,30
351725,30,10
925560,9,46
381568,9,30
927430,34,25
375128,20,30
378119,15,60
622346,20,40
384909,15,30
403377,15,40
930113,5,30
410357,60,10
410454,5,35
410748,15,35
411396,9,63
931934,16,60
417203,20,10
510700,15,70
429597,6,63
433608,10,30
944939,12,22
435317,2,61
263451,18,28
448389,5,30
450391,20,5
453773,30,10
456314,19,22
457418,33,20
481017,40,30
485322,10,35
486272,20,50
557188,13,23
456241,15,20
495638,10,75
940437,16,44
14061,12,62
941743,19,51
87548,40,30
218863,23,33
515787,50,15
942162,20,27
142565,10,40
526436,10,20
524883,10,30
525278,11,31
527742,11,34
528005,10,20
530212,20,60
586970,19,54
537675,15,70
539180,15,10
945846,9,26
329886,25,10
548545,10,30
550493,15,45
947237,20,30
551104,5,35
560898,35,15
563102,10,25
566225,40,80
569860,5,60
575321,25,55
579327,30,50
951439,15,15
515008,10,50
587215,20,60
73745,17,20
600679,20,40
952346,31,31
602272,28,53
604836,34,28
359520,8,34
605816,34,43
612707,40,20
131377,20,10
619000,31,28
954551,10,28
621862,20,70
627194,10,20
705217,15,55
689637,10,45
700150,35,35
714810,5,60
715751,10,50
741817,25,40
758400,17,32
769703,15,20
778672,13,49
788945,25,20
790150,15,40
798193,12,38
815853,35,10
821187,15,40
823651,17,25
687111,13,26
841722,15,30
847445,30,50
854727,5,40
857998,30,20
686247,19,56
686891,25,60
689360,13,56
691798,25,27
710601,20,30
694815,20,30
690538,7,86
690660,40,60
690961,26,54
694045,35,60
694509,20,70
694550,20,54
695408,20,40
695947,20,29
703001,20,40
702935,21,28
785539,40,45
707589,29,28
731951,13,52
706426,8,82
707708,24,36
714062,17,64
704210,30,30
715239,30,45
716146,45,30
717444,20,65
719528,20,60
720178,35,45
721603,35,25
721999,20,55
723096,31,23
723576,29,37
723428,27,37
694428,15,63
728055,18,51
728063,20,25
729019,25,28
730653,21,44
730882,25,39
731820,17,46
732443,25,30
733016,10,60
733474,25,35
680354,30,35
722900,30,50
927830,30,25
743482,20,20
685100,30,35
732435,30,35
733954,30,50
734080,21,47
738115,25,45
743704,34,47
744565,30,40
744751,45,60
746177,46,50
747602,15,66
747998,10,90
748382,10,76
749290,34,24
749559,30,50
748773,20,60
820814,15,55
751634,40,40
752690,30,25
752819,20,35
756334,30,30
763462,30,20
763772,24,44
765023,25,50
765635,30,80
765759,40,40
766038,30,40
767913,25,60
768537,10,50
845182,37,19
768790,46,24
769525,37,26
772437,15,80
773735,20,50
785857,30,60
775444,41,14
775819,40,25
775843,30,35
776637,20,50
776360,24,22
776700,25,30
776980,18,42
778800,34,20
780235,19,66
780499,45,35
780570,10,63
780880,23,65
781118,20,50
781380,30,50
781797,14,70
782963,25,35
783510,50,20
784389,20,40
784656,10,70
784990,25,30
785334,28,27
785563,25,70
786276,20,60
786497,5,80
786756,20,45
787353,40,30
787388,50,50
787663,30,35
788163,20,85
789208,20,60
789100,30,45
789690,20,50
789917,18,36
789992,20,40
792454,29,37
791946,50,15
791679,15,55
793620,35,75
793868,30,20
794678,30,50
795968,12,73
796611,25,40
797073,25,45
798215,30,30
798290,30,50
799343,45,25
799734,37,17
800406,20,35
800775,26,32
801160,30,45
850306,20,30
802336,15,70
694193,24,39
751537,20,37
805866,30,35
724122,45,40
802468,35,25
805971,25,55
811564,25,60
815160,30,60
814954,26,41
816370,33,22
689807,30,60
816760,25,40
817287,30,40
818194,20,55
819239,20,60
820610,20,40
820903,20,50
821055,40,40
821578,25,56
689998,20,40
822353,34,44
822876,25,55
823597,20,30
824305,50,30
689831,25,34
830933,35,45
827290,20,40
832367,22,21
832219,35,60
832405,40,30
834491,35,55
835200,20,65
834718,10,50
835480,25,75
733024,30,30
836133,30,40
836435,19,24
836524,20,40
685550,23,21
836656,33,57
838268,33,45
842540,50,45
751405,25,35
846660,15,80
848220,28,31
849243,20,30
848875,25,40
849138,30,30
849650,19,68
849812,40,30
850047,35,40
850209,20,40
850381,22,37
850829,35,25
851078,40,40
852511,25,50
855243,25,36
855650,40,40
856541,37,64
856932,25,45
857742,25,45
858757,15,70
859036,39,29
859591,20,40
784435,20,45
868825,30,35
803403,23,52
864994,20,50
866423,20,20
890227,25,63
13943,20,60
2151,6,82
344930,40,25
890723,26,34
4499,30,45
5479,20,30
890880,24,29
6602,30,40
9172,25,55
329177,30,30
11088,30,35
13200,8,88
892475,30,30
287801,19,32
466255,40,20
18929,20,40
19445,10,81
19704,35,40
19720,40,30
20303,15,85
20745,15,70
14036,25,80
28614,30,90
890120,20,60
30104,40,20
31011,5,90
31887,35,25
35173,30,40
37257,25,85
37710,20,60
38032,30,34
39594,6,92
41416,45,55
43494,25,50
43753,10,90
45446,30,40
47260,7,93
48046,40,20
670413,20,60
48020,20,45
49476,20,50
49344,15,55
895016,29,36
50288,40,10
50679,30,50
53244,15,70
53376,30,40
54593,50,40
895407,21,35
54801,25,60
54933,20,60
55328,10,95
56367,12,76
57100,50,20
60658,25,70
60917,10,50
61956,10,75
63541,30,40
63649,20,50
63770,20,60
64424,20,40
66508,40,20
66540,30,50
356315,15,35
282227,50,15
67156,14,88
67547,25,60
68713,25,30
897485,25,40
71749,25,35
72745,30,40
128058,35,20
897744,29,19
890529,35,43
75990,30,30
80020,20,85
425826,35,30
88080,25,60
89486,56,39
899178,33,30
89770,30,35
90034,10,85
90298,10,65
952842,30,30
900087,29,36
899437,26,37
100048,35,15
101605,40,25
101737,20,40
101796,35,40
151262,20,55
102440,10,65
102580,30,25
105694,20,55
106151,30,55
106178,50,30
493104,25,40
106410,15,60
107190,30,60
107581,30,40
107328,25,75
901474,25,55
107808,10,60
107948,25,40
107972,27,53
84352,20,80
111740,35,45
111775,20,80
113174,15,60
902640,30,30
123056,40,20
123315,45,27
125008,41,40
125130,17,70
125393,10,85
125520,10,90
127680,44,75
127736,40,65
127884,30,80
411264,35,80
413470,30,60
133060,31,67
903469,30,46
133582,34,46
134627,30,50
134848,25,40
903590,32,33
135011,22,77
135534,40,20
135798,13,82
892483,20,40
138975,20,70
137030,10,90
137090,30,30
139041,35,25
139955,20,70
448052,15,70
140996,41,39
904112,26,52
141380,25,65
141410,30,70
141640,30,50
141771,45,35
142816,30,40
145548,15,50
146978,30,20
904635,30,23
14001,30,60
147605,30,35
937592,25,39
922706,30,50
149055,50,25
612634,18,74
151653,20,67
153214,25,45
153478,20,80
157635,10,80
157899,20,70
158020,14,66
906450,33,68
156132,10,80
906875,30,40
906840,27,45
907103,35,30
164399,50,30
164780,30,60
165824,30,50
167517,28,82
171026,35,25
171280,10,65
173363,20,80
173495,29,39
176796,35,30
177261,35,35
908665,31,21
954167,30,30
329134,25,30
126195,15,65
185680,25,65
186759,20,55
909572,17,59
909602,13,56
190780,15,25
361348,20,30
190918,25,40
191485,30,45
191957,10,75
193518,18,65
195073,35,45
195464,10,81
196371,45,75
196550,45,20
197319,30,55
198781,30,35
198846,50,15
910481,16,65
286850,16,80
201510,43,72
911070,30,40
203262,5,80
511195,62,54
207942,40,30
20486,10,70
210714,43,49
211060,25,50
211320,30,40
211451,20,25
211842,35,40
211974,30,30
912174,27,25
212750,20,50
212881,30,40
213144,20,55
912301,35,50
213403,40,30
213535,46,48
912360,31,55
216003,20,65
216402,42,42
216780,20,60
216917,10,80
217697,20,55
217824,50,35
220345,10,84
221597,25,40
529567,30,50
223158,40,15
225622,36,35
225886,30,40
229580,50,20
229652,20,60
943940,30,45
230820,62,37
232262,40,25
232904,30,40
233161,25,25
236675,35,35
551325,49,17
915688,19,42
245380,15,80
249807,25,25
237655,10,65
252271,30,40
252816,35,35
252832,25,40
253405,15,20
916463,30,35
255416,10,65
255467,20,40
255521,38,37
255785,25,40
255378,45,35
255947,25,80
256170,40,25
257214,10,80
258970,20,75
259551,30,44
261246,15,85
263010,15,55
263060,15,85
264695,10,80
266051,10,82
270504,40,30
270342,15,65
270474,10,85
917630,13,64
272280,21,36
270997,11,69
272426,30,35
274119,20,60
275158,15,70
918237,20,50
275280,25,45
277754,30,40
278165,20,30
278793,20,90
278920,37,46
279374,30,55
279706,30,30
284645,20,50
280917,15,55
280879,6,83
282049,20,50
918547,44,36
282693,38,73
283088,30,46
283371,40,35
283436,30,30
283479,17,57
283606,10,85
283738,15,70
493090,20,25
284203,40,33
906736,25,40
284904,7,88
285293,4,89
286060,35,40
286125,10,65
286206,25,30
589896,30,40
382068,15,70
288411,21,72
288543,35,20
536482,20,17
289817,20,45
291277,8,88
291927,20,75
294780,19,60
296473,5,85
300110,45,50
300373,50,23
920231,35,25
302589,34,41
920576,29,37
921092,21,39
305316,40,40
305570,4,89
305707,40,30
308048,15,50
310255,40,20
922056,9,80
922315,15,69
310905,10,78
311553,30,60
311812,20,65
922498,22,34
130850,29,80
312339,30,80
320919,60,30
308560,25,55
321699,20,40
324647,20,30
675326,30,50
326372,25,50
326500,30,50
364703,31,31
924520,11,64
331635,40,50
331830,30,25
335606,60,15
924695,30,35
933198,46,49
342190,40,55
925136,22,42
348511,30,30
346527,35,50
346659,50,30
349127,4,89
352632,38,87
354716,15,67
356662,20,35
360198,30,30
364690,60,35
364746,20,60
365793,30,20
365769,15,65
365890,31,54
927384,22,57
371351,15,70
373559,25,40
374733,13,75
336580,10,70
378577,20,70
433624,50,40
928810,27,53
384879,25,40
400734,40,45
400866,10,70
402940,8,75
403075,25,45
929468,28,26
403202,25,40
403237,30,50
407291,44,21
409570,25,75
930504,16,75
930768,15,68
411132,8,86
931020,26,47
411914,15,80
413305,45,50
413739,45,15
414387,55,57
932191,20,30
932116,25,40
415812,35,50
419710,40,50
421537,10,85
427772,20,60
429333,22,83
432326,10,85
432849,20,70
431656,40,50
433756,21,75
933759,29,38
434140,39,40
434400,40,40
435180,25,60
939480,30,40
437581,40,35
437522,25,35
439479,45,20
438014,25,30
441554,25,45
443697,35,30
445525,40,35
448575,30,60
448958,25,65
450138,10,50
451320,20,20
450332,36,26
452343,15,75
457809,15,60
461830,30,60
465739,35,37
467162,20,80
937266,24,42
467685,10,76
467812,35,60
474541,40,55
476390,20,50
479640,17,49
479900,45,56
287504,40,50
938173,14,54
485101,20,70
485756,20,40
939080,25,48
487872,40,45
488348,35,20
488488,32,55
489000,20,50
489522,5,95
490300,51,53
898910,18,52
490954,15,75
491349,30,20
491730,5,80
493120,20,45
493554,35,55
939609,30,26
493686,4,88
495506,32,41
949744,25,42
936669,25,50
497665,50,55
940445,30,40
501972,45,40
940623,30,30
940720,20,45
504866,30,55
504998,42,56
505250,20,55
13226,20,85
505587,30,30
506036,20,60
508110,25,70
509280,30,40
511102,20,50
511137,60,15
514314,40,40
941425,17,49
287300,30,30
515132,10,50
515272,25,45
515337,35,45
941948,22,45
941972,10,51
535311,25,40
942200,28,37
942367,30,35
517348,30,50
518840,33,35
960413,30,30
520110,10,70
528269,50,50
529176,20,85
528919,25,50
529958,10,90
531022,55,20
534374,30,15
535443,25,85
945250,33,38
536970,30,20
946192,20,50
946338,20,40
542040,10,80
543349,30,40
543470,0,85
544388,16,81
547875,40,60
586765,50,30
550647,45,30
609900,25,50
536393,30,50
551279,40,30
526890,20,65
947300,15,55
555169,30,60
947407,25,30
422237,15,26
552704,63,54
553093,20,70
556793,30,55
557200,30,15
557382,40,15
607827,37,34
562580,40,20
563234,20,50
949027,12,60
569135,60,49
569607,45,30
949353,27,42
574546,20,50
576239,40,30
579092,30,65
586374,30,35
587028,40,40
591050,10,70
593915,20,45
928852,30,50
595608,45,40
951560,26,30
596256,40,30
951749,22,33
596388,20,45
597554,18,67
597686,10,65
951951,21,40
602108,30,45
952605,32,23
602850,20,35
952818,38,13
603015,35,35
603406,30,55
952990,22,42
603929,30,40
605166,25,60
605611,5,90
607177,18,68
607304,25,45
607550,5,60
607568,22,47
679054,30,50
950130,19,54
609250,8,82
609510,60,30
609773,22,76
89516,20,60
613282,40,55
614882,19,77
615366,10,60
954039,30,37
616141,9,84
954160,28,41
616532,55,45
617210,40,60
954640,30,30
954683,27,25
954810,22,68
954942,25,35
624594,20,65
624756,55,10
625132,25,70
599135,20,60
186880,30,55
890170,15,31
10219,30,20
19577,30,30
55450,15,20
56758,15,35
895660,12,28
83798,40,20
99007,20,20
147524,5,20
154113,15,20
909700,16,16
194018,10,15
357707,10,30
227099,10,20
914380,20,30
228877,30,15
915297,15,20
917761,12,28
273597,15,31
918130,13,18
278211,15,50
240761,20,30
418013,20,20
374601,20,15
294004,40,20
417378,10,25
170240,20,15
307947,20,20
311685,20,26
922838,11,27
327280,10,30
329460,10,30
368946,16,38
382140,20,20
382191,10,20
435708,20,35
99520,20,30
575194,25,15
48305,25,15
68454,15,30
489425,10,25
503630,5,25
99783,15,30
575976,25,30
568694,10,35
590002,10,30
606138,30,20
620173,20,20
891630,10,40
557661,10,35
20389,10,35
892807,10,20
33990,20,20
253543,20,35
38598,10,40
247005,40,20
896578,18,30
73911,20,35
76643,5,45
898520,8,38
559939,15,35
90107,15,30
94846,50,10
262508,10,30
897876,15,40
106283,20,25
517488,25,20
120324,35,15
902810,23,14
477957,40,15
149209,10,30
170631,40,15
157376,35,20
331317,10,40
269852,20,20
911526,10,20
218111,20,20
913219,20,30
174498,20,30
278149,20,20
288934,9,39
303429,20,30
314153,20,20
319740,15,30
320498,10,35
325538,15,35
334901,25,20
349259,10,30
349623,20,25
356417,15,20
361992,15,45
483672,20,30
374474,25,20
13617,10,35
382825,15,35
929590,15,10
153822,15,30
177911,10,30
929859,9,38
35240,10,40
47180,10,30
430110,10,40
431303,10,25
101112,20,20
935050,16,33
26727,20,20
452297,20,25
468428,10,40
938300,10,20
26666,20,30
483834,20,35
935425,5,30
621684,10,30
488542,10,35
492957,10,30
28851,10,25
937673,5,30
494666,5,45
494070,5,45
918415,15,10
517732,20,25
942596,16,27
524654,10,40
129038,20,20
167126,15,20
942987,15,20
386470,20,25
540056,40,15
944670,25,10
544582,25,30
945072,20,22
91610,10,30
946648,10,20
463655,15,30
536849,20,25
550795,10,25
472181,20,30
948314,17,25
557250,15,40
615129,30,25
949094,20,25
578444,30,25
56103,25,25
601977,30,25
609285,10,35
613150,15,35
461059,10,50
438170,10,20
24252,10,10
57380,20,30
185191,5,40
899283,7,58
90247,10,30
93696,20,60
900214,11,23
99139,15,15
909831,7,32
902462,15,35
418790,10,40
953571,10,35
148539,20,20
947245,10,20
208310,5,55
61228,5,70
158764,10,40
506264,0,50
296082,14,54
166472,10,40
178969,5,50
184411,5,45
909050,0,40
185582,10,40
199699,10,60
208620,20,30
96502,11,26
226793,20,30
914770,11,37
223735,15,30
418765,7,43
282324,8,31
281522,10,35
282316,30,60
209635,10,40
918679,11,40
477416,20,40
284254,12,60
286729,15,25
586866,6,47
289060,20,10
145882,10,65
311316,10,45
371483,20,10
366668,25,10
368644,13,35
369535,10,45
368822,6,35
931284,10,13
932450,11,35
428817,20,30
431150,20,40
432458,10,20
434639,15,15
450006,5,50
452491,15,36
457159,17,48
457930,20,15
458384,25,45
271678,10,70
488879,5,45
185329,20,50
497193,10,45
460796,5,68
477283,0,45
548618,10,40
460015,20,20
576107,15,25
577014,10,70
590665,12,44
953555,10,15
381646,6,69
947253,6,26
603244,15,35
363687,10,40
609552,40,30
690767,10,30
693693,10,30
697460,20,10
716790,5,40
718920,10,60
720208,11,37
724602,11,43
732320,10,23
732338,30,30
743186,5,40
744700,20,30
746304,15,70
753009,14,43
829936,7,53
764450,20,50
765678,30,40
766844,40,25
770876,25,25
771007,15,54
765694,10,45
776726,9,32
777501,30,30
866296,10,45
780650,0,45
866555,10,30
785695,25,25
786217,11,47
786772,15,50
788694,10,40
831724,10,40
795445,30,20
801682,38,22
814687,15,20
690023,8,52
820512,5,70
821330,10,40
823317,10,35
832103,15,33
832375,5,60
834440,15,30
836303,10,80
841331,15,30
845108,25,15
851213,20,35
851736,5,45
856592,15,55
858013,13,23
733121,10,50
1058,35,20
671,15,75
13900,25,20
28541,30,20
29459,0,45
34363,3,53
50512,10,40
895458,10,44
588849,6,39
61697,10,45
34355,8,59
898090,15,35
89451,2,49
89699,40,30
90166,15,30
90220,15,70
91332,25,25
100170,25,20
634232,8,54
108693,14,44
620432,10,50
124354,15,20
125555,30,30
126179,30,30
127876,15,30
588970,10,60
144266,10,40
907499,21,29
134618,13,64
170682,25,15
171417,20,65
908142,8,31
181030,9,74
199389,15,20
201421,12,32
910350,18,31
201448,30,30
203394,24,34
911399,13,22
217891,10,25
913340,13,20
914070,8,34
226920,20,50
384097,5,35
609422,5,61
95230,8,38
255653,20,40
257605,5,40
266183,40,15
917931,10,40
279595,30,30
486336,6,61
918555,7,32
339451,12,41
471541,14,36
285536,10,30
283860,10,45
288241,25,50
294390,25,30
920495,15,40
303003,10,50
308463,9,91
309320,30,25
311731,7,74
588326,5,60
313246,20,40
314331,20,10
327930,20,50
589101,10,35
331708,35,20
338079,10,50
345997,10,80
356425,20,25
83559,5,70
109487,16,34
382620,10,55
610429,0,55
383422,10,60
433799,10,40
436267,30,10
445878,25,40
936480,10,33
95753,15,30
460273,20,30
461962,35,25
466646,20,40
486140,10,35
488747,40,20
495891,10,46
496685,5,60
497738,14,47
497800,20,45
509159,20,50
533718,8,40
379959,5,44
942006,13,68
518905,10,30
524751,25,30
943894,8,34
528781,10,40
621609,5,55
534242,10,35
536717,20,18
540099,30,45
543730,35,30
547506,15,32
561070,35,20
118524,12,76
606189,14,41
950912,16,52
951048,7,36
591955,11,33
595098,14,40
602230,29,38
602906,5,65
616257,10,35
278280,11,43
612502,39,28
615889,45,30
618810,0,50
689661,6,58
718610,10,45
704334,7,46
730777,5,65
745529,13,34
708704,5,50
756059,20,40
792080,10,35
739395,5,67
798690,9,34
858892,20,30
803189,5,45
801550,15,30
801429,10,10
808318,5,30
808830,25,30
825476,10,50
825344,20,10
833690,10,65
837210,20,40
841200,5,70
868000,15,30
688363,28,32
801101,50,25
694452,12,21
848914,15,20
700088,42,21
697168,30,50
689622,30,30
706523,20,26
711454,35,25
704245,7,68
717835,10,30
715824,18,45
721735,70,15
725510,15,30
737984,25,55
747343,16,63
747700,35,20
690910,10,20
757616,5,60
769576,50,25
771392,40,30
771520,6,45
772950,10,35
783692,30,30
793361,15,60
799475,50,25
781533,18,41
803243,13,32
802859,10,50
803790,10,40
806188,5,55
736163,17,30
819492,20,20
825964,10,40
844160,10,50
847704,8,49
849910,20,45
778931,37,14
864170,8,41
859095,6,56
839397,15,40
718018,35,20
859575,10,35
866008,35,15
686263,20,70
689777,15,80
874361,11,52
693820,14,52
728632,10,51
696919,18,75
705470,15,70
703672,15,50
849901,9,45
856052,12,69
706540,15,80
710024,10,55
706809,18,41
708062,10,45
688745,12,53
720488,9,41
716995,8,51
756440,9,61
718432,10,65
721530,15,50
726206,15,55
737690,10,65
741752,20,60
874888,22,62
744026,8,66
741744,5,60
744484,10,60
742236,10,60
741710,15,70
748528,10,20
748536,10,30
732281,10,55
766636,10,50
749966,20,30
756709,11,42
753161,16,64
822728,15,50
762016,10,60
765201,10,50
874396,10,55
769606,10,45
774049,15,75
773689,15,70
765708,17,60
777161,20,40
773832,10,20
836324,8,55
703966,5,55
691356,11,51
781460,15,60
854147,10,73
783137,15,80
784303,10,60
783927,10,40
786020,10,40
788082,15,60
788112,11,50
789003,13,55
789488,10,50
792306,20,40
793809,10,55
795887,10,60
798495,20,45
799912,11,39
774824,9,66
801259,10,41
761079,10,55
727300,10,60
750581,20,80
724220,15,65
806366,10,65
809381,10,66
809489,30,60
815411,15,70
785572,11,67
816450,17,76
725161,5,70
821969,15,60
757573,10,80
823430,10,50
830437,9,53
827169,10,75
728752,11,52
832383,15,75
811780,10,54
835048,15,75
736888,8,58
835498,10,75
836273,15,50
795471,9,54
837431,20,60
838314,10,45
843067,20,50
845531,10,40
814080,10,50
848832,20,75
849626,19,66
851167,5,55
852546,13,67
864080,15,30
737242,10,53
3913,21,77
14176,32,25
904040,18,62
68710,11,60
112387,10,81
663,28,35
20702,15,55
26530,25,60
28231,11,70
28282,15,55
892998,10,60
54623,10,83
30694,10,60
570115,9,56
36447,17,72
36455,10,75
36471,10,80
33561,16,79
893978,22,67
120199,20,70
47910,19,74
557674,13,77
939585,12,53
890202,12,53
50199,10,20
616722,11,63
55131,10,58
55395,15,54
418445,17,77
56405,20,45
34347,10,75
933346,16,50
71870,15,80
211434,8,81
86517,18,66
90050,21,42
74527,11,67
101990,19,80
115541,10,80
111430,12,53
77011,20,75
122858,24,36
123609,11,64
128511,28,53
128457,10,50
246078,10,60
236411,15,30
136875,10,60
139343,10,65
140783,21,43
72086,14,69
136883,26,74
905020,10,56
904970,10,36
563982,9,75
619132,40,70
156019,5,75
270680,10,54
281909,30,40
908819,7,42
192937,15,30
201545,10,70
54640,11,51
204170,11,68
201776,15,63
213730,10,70
213772,9,55
217220,20,45
213861,10,60
442954,10,50
217972,10,66
237086,20,70
184305,10,60
23016,9,66
252794,20,75
254078,9,74
255971,29,25
256005,10,55
234460,10,60
917893,9,34
280224,30,60
281913,20,60
282545,25,20
13719,14,65
364741,12,52
283118,10,90
286079,10,50
281581,15,49
919233,11,21
291080,10,30
89442,12,67
291145,10,55
297615,10,60
919586,10,52
302457,10,55
290254,14,36
303860,13,64
304220,15,25
921661,21,64
400308,9,63
307866,10,66
313599,12,77
16874,11,63
382809,10,50
323195,12,75
491629,12,78
361879,10,52
597201,12,50
951714,13,38
234850,25,30
924911,9,51
342394,25,40
924849,16,54
326712,12,58
356263,20,50
364010,12,46
240701,15,70
926140,20,40
926817,20,34
365190,25,35
185604,14,83
372463,10,30
375896,10,55
456316,11,69
565973,10,81
928682,11,48
400645,10,50
406139,8,68
413348,20,70
413658,10,58
16796,8,57
234591,10,25
431354,22,39
435546,25,75
548103,13,54
205611,10,57
894672,20,56
444286,10,60
448966,10,80
450073,11,55
453900,20,50
235245,10,50
472174,15,25
472727,20,45
494607,20,38
479063,23,82
501188,13,74
479454,5,70
479772,15,50
964809,17,63
938106,18,70
483176,17,87
257447,10,66
52254,5,50
489310,10,40
3104,10,76
491144,15,75
491470,20,70
491993,20,75
493422,15,70
413133,13,65
298298,10,40
235113,10,65
514292,14,80
511080,17,85
422035,10,80
134959,15,75
942340,9,47
516821,30,55
945508,11,60
537659,19,75
538736,11,68
538833,10,70
945455,11,50
539961,20,50
519030,10,50
946362,10,20
544256,15,20
298904,5,60
318387,30,40
552836,15,80
947792,23,67
548712,9,83
947814,19,66
898285,11,39
561100,17,80
949140,23,63
566500,18,46
340936,15,85
949230,11,57
570419,10,50
570460,9,79
462820,10,80
579246,5,25
586501,30,55
28304,20,60
308026,8,54
595500,10,70
952516,11,72
604674,10,65
608017,22,24
607274,10,60
340898,22,81
610593,10,80
614700,5,85
634565,11,65
549380,18,64
954292,10,43
617318,10,40
618896,10,75
624101,15,75
