school,notenglish,fromnonenglish,notfrench,fromnonfrench
902344,0,0,100,0
19186,0,0,100,0
43362,10,10,100,10
54542,0,5,100,0
490822,0,0,100,5
137967,0,0,100,0
285552,0,0,100,0
891347,0,0,100,0
93548,0,0,100,0
900869,0,0,100,0
101214,0,0,100,5
161276,0,0,100,0
165042,0,0,100,0
908010,5,0,100,0
186783,0,0,95,0
202614,1,0,100,0
227331,0,0,100,0
230561,0,0,100,0
237191,0,0,100,0
278270,0,0,100,0
302350,0,0,100,5
920533,2,0,100,1
18309,5,0,100,5
926086,5,5,100,0
195200,0,0,100,0
410870,0,0,100,0
434922,5,10,100,10
442054,0,0,100,0
462616,0,5,100,0
468339,0,0,100,0
485497,5,5,100,5
515396,0,0,100,0
530603,0,0,100,0
958050,2,1,99,1
106913,10,0,100,10
548413,0,0,100,0
551660,0,0,100,0
895270,0,0,100,0
953148,0,0,100,5
144872,0,0,100,0
765031,0,0,100,0
827681,10,5,100,5
708011,5,0,100,0
715298,6,1,100,2
717703,0,0,100,5
865257,0,0,100,0
719919,5,0,100,0
735523,0,0,95,0
724068,5,5,100,0
728420,10,5,100,0
773875,5,5,100,0
835099,5,0,100,0
742279,0,0,100,0
746568,0,0,100,0
746690,0,0,100,0
706264,0,0,100,5
752932,9,3,97,3
756830,5,0,100,0
764370,0,0,100,0
868370,0,0,100,0
781142,0,0,100,0
756642,0,5,100,0
796220,0,0,100,0
815330,5,0,100,0
830984,0,0,95,0
823570,0,0,100,5
831840,0,0,100,0
865125,0,0,100,0
834688,4,2,100,2
841773,0,5,100,0
706744,5,0,95,0
842761,5,0,100,0
841358,0,0,100,0
845493,0,0,100,0
851752,2,1,100,1
856150,10,5,100,10
19313,5,0,100,0
893048,10,0,100,0
28673,0,0,100,5
39306,0,5,100,5
272319,0,0,100,0
66699,0,0,100,0
899569,0,0,100,0
93718,5,0,100,0
112917,0,0,100,0
145912,0,0,100,0
175170,0,0,95,0
190527,0,5,100,0
953776,3,0,100,0
181908,0,0,100,0
450242,0,5,100,5
913600,10,0,100,5
478133,2,3,100,3
242527,0,0,100,5
268003,0,0,100,0
268640,0,0,100,0
273694,0,0,100,0
923095,15,1,99,0
163619,5,5,100,0
285535,5,0,100,0
517103,0,0,100,5
366021,5,0,100,0
135064,5,5,100,5
927120,5,0,100,0
372781,80,5,100,10
406040,5,0,100,0
459441,4,2,100,2
578519,10,5,100,5
490040,0,0,100,5
504475,5,0,100,0
507725,5,0,100,0
943118,5,0,100,0
469900,5,5,100,0
523267,0,0,100,0
528650,5,0,100,0
944807,5,0,100,0
100438,0,0,100,0
535508,0,0,100,0
531073,0,5,100,5
945587,9,3,99,3
531090,5,0,100,0
945714,7,1,100,2
566667,3,2,100,3
417556,10,0,100,0
10472,0,0,100,5
11606,0,0,100,0
22322,5,0,100,0
552585,1,1,100,1
340804,10,0,100,0
67709,0,0,100,0
896969,0,0,100,0
169200,0,0,100,0
135143,5,0,100,0
458554,25,0,100,0
331307,3,3,100,2
167649,0,0,100,0
293776,0,0,100,0
524239,0,0,100,0
180789,0,0,100,0
925438,5,0,100,0
914444,3,1,99,1
281131,0,0,100,0
253316,0,0,100,0
152820,20,0,100,0
257168,0,0,100,0
257869,4,2,100,2
262935,0,0,100,0
273775,5,0,100,0
7681,0,0,100,0
915556,2,0,100,0
291030,0,0,100,0
919454,5,2,100,1
293750,5,0,100,0
323900,0,0,100,0
198978,10,0,100,1
364290,0,0,100,0
401129,0,0,100,0
403741,10,0,100,0
93939,45,0,100,0
951692,3,1,100,1
431028,0,0,100,0
605743,0,0,100,0
953253,5,0,100,0
450910,7,2,100,1
484970,0,0,100,0
940127,10,2,99,1
155683,0,0,100,0
531146,0,0,100,0
540200,0,0,100,0
569565,0,0,100,0
950262,0,0,100,0
688088,1,1,100,1
690015,5,0,100,5
696900,0,0,100,5
714453,0,5,100,0
716960,0,0,100,0
720232,3,4,99,3
750259,0,0,100,0
736481,5,0,95,0
739200,0,0,100,5
743968,0,0,100,0
749125,0,0,100,0
753084,5,0,100,0
762756,0,0,100,0
759309,0,0,100,0
751898,4,1,100,1
704940,5,0,100,0
779067,0,0,100,0
782050,5,5,100,5
789984,0,0,95,0
793256,0,0,100,0
810827,4,3,98,3
818453,0,0,100,0
831450,0,0,100,0
834831,0,0,100,0
834963,0,0,100,0
840530,5,0,100,0
840556,10,0,100,5
844977,5,5,100,5
846791,5,0,100,0
850950,0,0,100,0
853038,0,0,100,0
721255,0,0,100,0
711985,0,0,100,0
710296,0,0,100,0
737399,2,0,100,0
759430,2,1,100,0
732133,0,0,100,0
864218,0,0,100,0
774332,0,0,100,5
776602,0,0,100,0
751464,0,0,100,0
776599,2,0,100,0
705098,0,0,100,0
732800,5,0,100,0
689610,0,0,100,0
715131,1,0,99,1
828203,0,0,100,5
821553,20,0,90,0
715190,12,1,92,1
696269,0,0,95,0
691127,5,5,100,0
753670,0,0,95,0
736457,5,0,95,0
697630,0,0,100,0
741361,0,0,100,0
750646,10,0,95,0
759040,5,0,100,5
758787,0,0,100,0
769312,5,0,100,0
771651,5,0,100,0
788686,0,0,100,0
806102,5,0,100,5
751502,10,0,90,0
792365,10,5,85,0
792322,0,0,100,0
791938,0,0,100,0
803022,0,0,100,0
804800,0,0,100,5
802700,0,0,95,5
806277,7,1,96,1
725374,0,0,100,0
813907,5,0,100,0
736201,35,0,70,0
824593,5,0,100,0
828726,0,0,100,0
828874,0,0,100,0
828980,0,0,100,0
830283,0,0,100,0
726176,5,0,100,0
832502,0,0,95,0
832480,0,0,100,0
753602,10,5,100,0
844713,0,0,95,0
773450,0,0,100,0
680764,5,0,100,0
767431,10,0,100,5
803065,0,0,100,0
814555,0,0,100,0
733067,5,0,95,0
773026,0,0,95,0
23549,60,15,60,10
199761,65,0,35,0
165468,60,0,75,0
165409,35,5,80,5
918997,75,10,50,10
117382,70,5,45,5
310415,70,0,50,10
907553,50,0,60,0
910554,40,5,75,0
914723,80,10,55,15
907308,60,10,60,0
907642,75,10,60,10
934852,25,0,70,0
896889,50,0,50,0
925326,60,5,50,0
901037,70,5,50,5
952803,70,10,50,10
961008,90,15,75,10
907588,80,10,50,10
156167,60,0,50,0
165441,55,5,60,5
447621,45,10,60,5
4367,30,10,80,10
194069,60,20,60,15
165212,40,0,75,0
497134,60,5,50,5
572312,70,10,60,10
156264,70,0,50,10
165417,70,10,50,10
282260,75,10,60,10
156183,65,10,60,10
165395,70,10,85,15
156256,40,0,75,0
419354,40,5,70,5
165450,25,0,80,0
302481,45,0,70,0
19735,55,5,50,5
191313,25,0,85,5
32247,40,0,70,0
165000,30,5,80,5
309192,70,10,55,5
442869,20,0,80,0
539105,65,15,60,15
311090,60,0,45,0
480785,75,10,85,10
10340,45,5,80,0
328910,65,5,55,5
157909,60,10,55,15
232544,50,10,70,0
164941,45,0,60,0
619655,55,10,60,10
42108,65,10,60,10
165484,70,20,65,20
165476,50,5,60,5
165425,45,0,60,0
412543,50,0,50,0
298133,50,0,60,0
530476,10,0,90,0
588462,40,0,70,0
298572,90,0,80,0
629646,15,0,80,0
426502,60,10,70,10
186910,75,5,65,5
705128,75,10,40,5
766928,60,5,40,0
705497,50,0,50,0
849732,75,5,35,5
750468,60,0,55,0
739984,50,0,65,0
704997,70,5,30,5
735092,55,0,60,0
781231,70,0,40,0
772491,70,10,45,5
839486,70,0,50,0
683922,70,5,40,10
733458,85,10,30,5
740390,50,0,50,0
846041,80,10,30,10
751073,60,0,50,5
705357,70,0,45,0
706477,80,5,25,0
691950,75,0,35,0
782017,80,0,25,0
790001,80,10,35,10
865368,80,0,35,0
789369,65,5,50,5
694100,55,5,65,0
699764,65,0,40,0
707910,45,0,55,0
707970,60,0,40,0
722510,70,0,40,0
837115,40,0,70,0
689705,65,0,40,5
795917,50,5,70,5
705411,65,0,35,0
733555,50,0,55,0
690007,55,0,50,0
729949,55,0,50,0
737330,65,5,50,10
732080,75,10,40,5
828752,35,0,70,0
738166,55,0,50,5
738190,50,0,55,0
773943,50,0,60,5
705330,60,10,70,10
774642,50,0,50,0
815640,75,0,30,0
802662,40,5,70,0
800490,65,10,60,5
788438,60,0,45,0
798223,70,10,45,5
810398,30,0,70,0
819026,20,0,85,0
841308,60,5,50,10
694632,60,0,55,0
837180,65,5,45,5
845744,75,0,35,5
842524,50,0,65,5
848808,30,0,70,5
861529,60,0,40,0
690740,60,5,45,5
862525,75,10,50,5
730211,60,5,45,0
822671,60,0,65,0
838632,35,0,70,0
773557,65,5,45,5
822000,65,5,45,5
725714,30,0,80,0
758965,40,0,55,0
760021,55,0,50,0
861391,40,5,70,0
755532,65,5,40,10
727270,60,0,40,0
342432,40,0,60,0
568961,60,0,40,0
332100,20,0,80,0
460338,50,0,50,0
242853,70,0,20,0
157325,60,5,40,0
408735,60,5,45,0
282898,60,10,60,10
327425,70,0,40,5
164909,50,0,50,0
174882,65,0,30,0
539197,20,0,85,0
907448,90,0,10,0
907570,70,0,30,0
67321,20,5,75,0
199737,70,0,30,0
165182,70,0,35,0
314242,60,0,45,0
469165,60,0,40,0
156230,30,0,70,0
902306,90,0,10,0
922870,70,0,30,0
918296,90,0,20,0
919055,80,0,20,0
946117,80,0,30,0
909335,60,0,40,0
111532,90,0,10,0
260926,40,0,60,0
848662,90,0,15,0
685011,70,0,30,0
697605,60,0,45,0
710660,85,0,10,0
701580,50,0,50,0
753068,85,0,15,0
854590,75,0,25,0
858366,60,0,35,0
860441,30,0,70,0
730335,75,0,20,0
781255,85,0,15,0
712592,30,0,65,0
718815,80,0,20,0
804392,90,0,5,0
733228,90,0,5,0
770396,95,0,5,0
767894,95,0,5,0
728807,95,0,10,0
723592,70,0,35,0
704920,95,0,0,0
728330,95,0,0,0
725684,80,0,20,0
752908,100,0,0,0
695050,95,0,5,0
752720,95,0,0,0
713740,95,0,5,0
705225,90,0,10,0
698202,90,0,10,0
753297,65,0,30,0
754102,84,0,16,0
725668,55,0,40,0
861367,70,0,30,0
737208,35,0,65,0
707465,55,0,45,0
750034,95,0,5,0
698075,90,0,15,0
766321,90,0,10,0
795186,70,0,25,0
798304,90,0,10,0
799998,90,0,10,0
753840,50,0,50,0
813257,95,0,5,0
697680,90,0,10,0
841595,90,0,5,0
857327,80,0,20,0
857459,100,0,5,0
697940,90,0,10,0
699373,50,0,55,0
863696,91,1,11,0
840947,95,0,10,0
860443,70,0,25,0
738417,40,0,50,0
808440,10,0,80,0
787779,40,0,65,5
860515,40,0,70,10
701718,40,0,60,0
705949,80,0,20,0
686638,90,0,10,0
686760,90,0,15,0
687677,60,5,45,0
687936,50,0,50,0
815377,80,0,10,10
685186,90,0,10,0
707996,60,0,30,0
723290,90,0,5,0
723169,85,0,10,0
805580,90,0,0,0
807796,60,0,35,0
724157,80,0,20,0
798401,95,0,0,0
705322,85,0,20,0
835358,90,0,10,0
785466,55,0,40,0
853291,90,0,10,0
787124,90,0,10,0
794708,80,0,20,0
815985,60,0,30,0
707309,90,0,10,0
819107,95,0,0,0
860310,100,0,0,0
863823,80,0,15,0
698725,90,0,5,0
711110,100,0,5,0
822507,80,0,20,0
864650,78,0,21,0
705020,60,0,40,0
767978,40,0,70,0
705276,85,0,15,0
752550,70,9,52,9
750107,70,10,50,15
752576,80,0,25,0
696030,50,0,55,0
705241,50,0,50,0
752899,85,0,25,0
685986,50,0,50,0
718973,55,0,55,0
751120,80,10,35,10
855949,50,0,60,0
705314,84,1,19,2
705373,70,0,30,0
694827,80,10,40,15
695955,91,16,22,16
705233,79,7,44,7
710903,86,2,20,2
696021,60,0,40,0
750085,60,0,45,0
846435,90,5,20,0
758231,65,0,45,0
832670,66,1,43,1
735632,20,0,75,0
731385,74,2,30,2
705047,80,0,25,0
866248,45,0,50,5
769765,50,2,56,2
705390,74,1,29,1
741671,75,5,30,0
764264,70,10,50,10
703168,80,0,20,5
705055,50,0,50,0
864730,55,10,65,5
701688,90,20,20,15
722901,20,5,80,5
705136,50,5,55,5
696005,43,1,57,0
701670,50,0,50,0
865648,75,5,35,5
725536,70,10,35,10
734314,60,5,50,10
753157,75,15,55,15
705420,50,0,50,0
732397,81,16,32,15
761251,30,5,70,0
735920,75,0,30,0
796656,80,5,30,0
688762,55,0,50,5
705365,65,0,35,5
753203,65,10,55,10
793027,60,10,45,10
701971,80,0,20,0
156159,50,0,50,0
703095,80,0,20,0
752625,50,0,55,5
860573,80,20,40,20
709387,55,5,60,5
861871,67,9,48,9
733402,55,0,60,0
730980,30,0,80,0
709646,70,0,35,0
740845,40,0,55,0
861480,61,10,54,11
703753,80,0,20,0
725633,60,5,55,5
786634,60,0,45,0
698989,88,1,14,2
871029,70,0,25,0
774379,35,0,70,0
809390,30,0,70,0
696048,90,0,10,0
707511,50,0,50,0
704989,20,0,80,0
705004,40,0,70,0
704970,50,0,60,0
771473,90,0,10,0
705110,75,0,25,0
707449,65,0,30,0
738379,60,0,40,0
737070,80,0,20,0
738506,70,0,30,0
754757,45,0,55,0
774480,90,0,10,0
775169,45,0,60,0
786470,90,0,15,5
787329,70,5,30,5
761125,80,0,20,0
806625,40,0,60,0
808180,20,0,80,0
811599,80,0,10,0
705403,30,0,65,0
846449,60,0,40,5
862886,80,0,20,0
762946,80,0,15,0
811173,70,10,30,10
789607,50,0,50,0
705970,70,0,30,0
704717,40,0,75,5
728772,25,0,82,0
708500,55,5,65,5
705438,10,0,90,0
791601,30,0,70,10
707015,20,0,80,0
866569,20,0,80,0
707880,40,0,75,0
708054,30,10,75,10
732400,15,1,91,1
797359,30,0,90,0
695025,40,5,75,5
765865,10,0,90,0
705349,10,0,90,0
768138,10,0,90,0
774901,30,0,80,5
787515,50,10,70,10
791288,30,0,70,0
792187,10,0,80,0
804150,0,0,95,0
715539,30,0,75,0
832626,16,0,94,0
863009,15,0,80,0
845639,5,0,90,0
855375,20,0,80,0
861170,10,0,85,0
730327,20,0,80,0
822540,30,0,80,0
863394,48,9,75,9
863726,10,0,85,0
728659,15,0,90,0
701777,45,10,80,10
761907,10,0,90,0
922609,100,50,30,50
907430,77,8,40,7
912662,86,2,34,2
898582,80,0,20,0
920550,90,35,35,30
907464,60,0,45,0
949540,90,0,10,0
904945,85,5,40,5
901539,70,0,30,0
930144,80,0,50,0
907421,90,10,75,10
488291,80,0,20,0
412597,76,17,73,17
230,45,0,55,0
79839,50,0,45,0
138681,72,6,43,6
417726,75,5,45,5
419796,66,7,48,7
204986,84,19,74,19
215970,80,5,40,5
194239,70,5,40,5
287180,62,2,69,1
196502,70,0,30,0
302864,60,0,50,0
156108,68,6,49,5
439568,25,0,75,0
540030,70,0,50,5
313190,85,0,20,0
323187,85,0,40,5
242420,50,10,65,5
384771,40,5,60,0
164852,85,25,70,25
247352,57,6,67,6
156051,85,30,50,30
327445,62,4,74,4
530457,70,0,75,5
250627,95,0,10,0
156035,85,15,70,10
208944,20,0,85,0
383392,40,2,63,2
195774,85,20,55,20
383376,60,0,45,0
559458,64,3,46,3
590,0,0,100,0
890200,8,0,100,1
505005,20,10,100,10
894109,5,0,100,0
70661,10,5,100,0
73784,5,0,100,0
84700,10,10,100,10
94978,0,0,100,0
105767,10,0,100,0
121754,25,15,100,15
235750,10,0,100,5
547449,10,0,100,0
935455,10,0,100,5
131890,5,0,100,0
139823,0,0,100,0
1793,0,0,100,0
156418,10,0,100,5
906328,1,0,100,1
906972,0,0,100,5
907677,10,3,100,4
165956,0,5,100,0
195596,10,5,100,5
197416,20,15,100,15
326785,24,4,99,4
207810,0,0,100,0
210358,5,0,95,0
218600,0,0,100,5
201138,5,5,100,5
221856,5,1,100,1
914010,4,1,99,1
225754,5,0,95,0
226556,5,0,100,5
228010,15,0,100,0
897646,3,1,100,1
229520,10,5,100,0
914517,3,1,100,0
294037,7,2,100,2
254223,10,5,100,5
281000,5,5,100,0
281654,25,10,100,5
264237,12,2,100,2
1649,2,1,100,1
283991,10,0,100,0
287660,30,7,100,7
304921,0,5,100,0
921750,6,2,100,2
922854,15,5,95,10
313114,30,20,100,20
318086,0,5,100,0
344834,5,0,100,0
352500,0,0,100,0
382868,0,0,100,5
414514,15,10,100,10
414905,5,0,100,0
417521,5,0,100,0
419320,10,0,100,0
433357,0,0,100,0
436747,5,0,100,0
557773,10,5,100,5
514780,10,0,100,0
449350,5,0,100,5
935700,0,0,100,0
451568,0,5,100,0
452084,10,5,100,0
455989,0,0,100,0
456110,15,5,100,0
455075,5,10,100,5
455202,0,5,100,5
457540,0,0,100,5
458066,10,5,100,0
461415,10,0,100,0
483117,6,1,100,1
485365,5,0,100,0
491861,5,0,100,0
505382,2,0,100,1
514748,20,10,100,10
942464,18,4,100,3
517453,10,0,100,0
117722,0,0,100,0
944157,15,8,100,9
529648,5,0,100,0
945064,4,1,100,1
535419,0,0,100,5
536636,5,0,100,0
948055,5,2,100,1
254519,0,0,100,0
569348,5,0,100,5
573507,10,0,100,10
947180,7,3,99,3
156841,0,0,100,0
598984,20,0,100,5
952214,27,5,100,6
602493,0,5,100,5
607436,0,0,100,0
510530,0,0,100,0
581178,0,0,100,0
618870,0,0,100,0
45578,5,0,95,0
97969,5,0,100,0
902292,0,0,95,0
114073,5,0,100,0
140210,0,0,90,0
908924,0,0,100,0
181552,0,0,95,0
619738,0,0,90,0
193771,0,0,95,0
221554,0,0,100,0
76104,0,0,70,0
918288,5,0,90,0
600222,0,0,90,0
347957,0,0,100,0
919063,10,0,85,0
291048,0,0,100,0
296600,0,0,100,0
920363,0,0,100,0
384224,0,0,90,0
445061,0,0,90,0
468371,0,0,95,0
943509,0,0,100,0
428797,0,0,95,0
502030,0,0,95,0
946940,3,1,94,1
50571,0,0,95,0
270291,5,0,90,0
948578,0,0,98,1
361747,5,5,95,0
685461,20,5,100,0
687308,34,11,100,12
689556,30,15,100,15
682438,40,20,100,20
693715,45,20,95,20
749813,28,3,100,3
850888,22,6,99,6
697095,35,0,100,0
701807,35,10,100,10
703222,30,10,100,15
696307,15,0,100,0
706337,30,10,100,10
857238,45,10,95,10
730441,29,7,100,7
706957,50,18,99,18
708038,25,5,100,10
708070,20,5,100,5
708143,26,8,100,8
714909,28,15,100,15
716405,5,0,100,0
718114,36,4,100,4
819219,15,5,100,5
722790,28,7,99,8
724564,36,16,100,17
726494,30,10,100,10
798118,27,3,99,3
730742,10,0,100,5
731447,45,5,100,10
690694,20,7,100,6
742171,25,10,100,10
742821,25,10,95,10
782606,5,5,100,5
747440,25,10,95,10
742333,27,6,99,6
749087,25,10,100,10
747882,13,4,100,4
750042,15,10,100,10
751430,49,8,100,8
752029,25,5,100,0
753211,6,2,100,3
867942,10,0,100,5
759481,15,5,95,5
770434,15,5,100,5
766364,33,8,100,9
759562,55,10,100,15
767255,31,4,99,4
772496,10,0,95,0
770620,10,0,100,0
771759,26,8,99,9
773530,10,10,100,5
775606,23,8,100,8
776092,30,0,100,0
776742,10,0,100,0
777528,30,15,100,15
780804,30,10,100,10
781401,56,32,99,32
781819,10,0,100,0
783870,20,0,100,0
784290,20,0,100,0
785393,5,0,100,1
785997,25,10,100,5
786730,30,5,100,5
690031,20,10,100,10
788511,21,2,99,3
787647,10,0,100,0
789143,30,5,100,5
789763,40,10,100,15
792586,30,0,100,5
792594,31,5,100,6
792020,21,8,99,8
794791,40,10,95,10
795852,24,4,99,4
796468,30,5,100,5
797316,20,5,100,5
797278,35,10,100,5
798274,30,10,95,5
800465,30,0,100,0
801100,25,0,100,0
801178,19,6,99,6
690708,20,5,100,5
803502,32,12,100,12
801577,10,5,100,5
680435,10,0,100,0
806889,10,0,95,0
806919,30,8,99,9
811041,10,5,100,5
816396,25,10,100,10
800007,25,5,100,5
816906,15,0,100,0
818500,20,5,95,0
819883,40,0,100,0
819433,20,0,100,0
821381,19,2,100,2
750298,28,8,100,7
822639,20,5,100,0
822655,13,4,100,4
821365,15,5,95,5
823090,30,0,100,0
823953,38,9,99,8
824950,15,5,100,5
832308,30,15,100,15
835536,25,5,100,5
836036,4,1,100,0
839256,40,10,100,10
841730,30,10,100,10
843547,5,0,100,0
845779,35,10,100,10
846473,35,5,100,5
847933,20,20,100,20
848751,20,5,100,10
848930,20,10,100,10
849286,5,1,100,2
850071,30,10,100,10
850217,28,10,100,10
850365,20,5,100,5
850403,56,9,100,8
851000,10,5,100,5
851299,20,20,100,20
852651,34,5,100,5
854530,20,5,100,5
856207,30,7,100,7
856673,19,6,100,5
856959,10,0,100,0
858420,26,11,100,11
857165,30,5,95,10
865362,10,0,100,0
683246,15,10,100,10
715030,30,10,100,10
812896,37,7,100,8
775797,25,5,100,0
738857,27,13,100,12
684199,10,5,100,5
783161,35,10,100,10
807712,20,15,100,15
860217,10,0,100,0
681937,15,5,100,10
706631,10,0,100,0
776175,10,5,100,10
696056,47,9,99,9
723967,20,10,100,10
750557,2,1,100,1
724106,40,10,100,10
721020,11,2,100,3
688182,18,10,100,11
864570,5,1,100,1
736228,40,30,100,30
784979,20,3,100,4
733229,30,5,100,10
863785,20,5,100,0
843466,35,10,100,10
706418,20,10,100,10
685984,5,2,100,1
860676,5,0,100,0
703923,11,5,99,5
871140,0,0,100,0
706990,5,5,100,5
710083,5,1,100,1
710954,0,0,100,0
720313,10,0,100,0
735060,10,0,100,5
826211,0,0,100,0
741310,7,5,100,4
845884,5,5,95,5
738050,7,3,100,3
764434,5,5,100,5
771406,5,0,100,5
777242,8,5,99,5
762083,5,0,100,0
691259,0,0,100,0
781282,10,5,100,5
784133,7,5,99,5
789178,4,1,99,1
791806,0,5,100,0
796352,0,0,100,10
798258,1,2,100,2
798460,0,5,100,0
803057,1,4,100,4
806972,0,0,100,0
724084,0,0,100,0
805327,5,0,100,0
811696,0,5,100,0
814423,0,5,95,0
762733,2,3,100,3
772020,0,5,100,5
750435,3,1,99,2
818844,0,0,100,0
820830,0,0,100,0
730718,0,5,100,5
823015,1,3,100,3
826278,6,3,100,3
830801,0,0,100,0
835668,0,0,100,0
840696,3,1,100,1
843156,0,0,100,0
733040,0,5,100,5
852902,0,0,100,0
854980,0,5,95,0
858960,0,0,100,0
2801,10,0,100,0
890855,11,3,100,3
9008,25,0,100,0
14052,20,0,100,0
892025,7,1,100,1
20036,25,10,95,10
36609,20,10,100,5
38083,10,0,100,0
38164,5,0,100,0
42269,15,5,95,0
637517,6,1,100,1
33880,10,5,100,0
33952,24,6,100,6
896446,0,0,100,0
934991,1,1,100,1
179554,5,2,99,2
72907,5,5,100,5
73547,17,1,99,1
82686,10,3,100,2
97110,18,2,100,2
94587,0,0,100,0
619779,5,0,100,0
22128,7,5,100,5
443638,0,0,95,0
117463,5,0,100,0
116840,10,0,100,0
124222,5,0,95,0
170662,6,2,98,2
904392,11,1,99,1
147109,5,0,100,0
147885,10,5,100,0
147915,30,0,100,0
148148,0,0,100,0
5215,0,0,100,0
905674,10,1,99,1
905585,0,0,100,5
165514,26,3,100,4
156078,10,0,95,0
906565,5,2,99,3
493031,15,0,100,0
192210,10,5,100,5
193119,20,5,100,0
531551,0,0,100,0
206253,9,0,99,0
911291,5,5,95,5
210277,14,4,100,4
213829,18,3,100,3
218103,5,0,100,0
219908,20,0,100,0
567787,10,0,100,0
221805,15,0,100,0
477435,0,0,100,0
244791,10,0,100,0
916331,8,3,100,3
231533,14,4,100,4
259160,0,5,100,5
918423,25,3,99,3
280844,25,0,95,0
559271,17,2,99,2
283495,17,4,99,4
286095,2,1,100,1
446033,13,1,99,1
124745,10,5,100,0
304379,15,5,100,5
99872,5,0,100,5
311707,25,0,100,0
313050,20,5,100,5
312983,30,5,100,0
321176,10,5,100,0
328740,17,2,100,2
348503,5,0,95,0
932345,11,2,99,3
350508,0,0,95,0
356271,5,0,100,0
580847,14,1,100,1
450298,8,1,100,0
493816,23,4,100,5
394819,25,2,100,3
932329,8,2,100,2
425630,20,5,95,0
935310,13,1,100,2
443573,9,3,100,3
935360,20,2,100,2
936227,2,1,100,1
477303,0,0,100,0
458830,6,3,100,3
461423,0,5,100,5
463396,10,5,100,10
451177,1,0,99,1
937525,6,1,100,2
336001,19,3,100,3
489336,15,0,100,0
201258,32,4,99,4
490563,10,0,100,0
509736,0,0,100,0
503720,5,0,100,0
197235,27,4,100,5
531049,19,3,100,3
941603,15,3,100,3
515523,10,5,100,0
520225,13,3,100,3
622044,15,0,100,0
526673,9,1,100,2
536512,25,5,100,5
542148,0,0,100,0
543861,10,0,100,0
551066,35,5,100,5
96270,0,0,100,0
566870,0,0,100,0
948969,2,1,100,1
569933,43,7,100,7
569216,35,5,100,0
570389,10,0,100,0
577049,5,0,100,5
92886,43,4,100,4
577669,8,3,100,3
309061,36,5,100,5
93700,7,1,99,0
590916,10,5,100,5
325635,25,10,100,10
598909,20,0,100,0
595535,20,5,100,5
171101,9,3,100,3
610704,19,4,99,4
525960,27,3,100,3
614904,4,1,100,2
617440,10,5,100,5
438276,44,2,100,3
4758,0,0,100,5
31739,0,0,95,0
41807,0,0,100,0
521116,0,0,100,0
403466,0,0,100,0
34339,10,0,100,0
896187,3,1,99,1
62006,10,5,100,10
70254,0,0,100,0
75604,10,0,100,0
899046,0,0,100,0
89966,5,0,100,0
90077,10,0,100,0
90816,10,5,100,5
468064,2,0,100,1
192880,4,0,100,0
126306,10,0,100,0
903728,2,2,100,2
136441,5,0,95,0
151130,0,0,100,0
906069,0,0,100,0
170372,0,5,100,0
220035,0,0,100,0
226017,0,0,100,0
891304,0,0,100,0
227056,5,0,100,0
229393,0,0,100,0
233706,0,0,95,0
915033,0,0,100,0
265608,80,5,100,5
280097,0,0,100,0
281263,0,0,100,0
282308,0,0,100,0
295434,0,5,100,0
145602,2,0,100,0
97314,20,0,100,0
308170,5,0,100,0
326259,0,0,100,0
329100,5,0,100,0
132010,0,0,100,0
898007,4,0,100,1
378372,0,0,100,0
930245,6,1,100,1
410225,0,0,100,0
502324,0,0,100,0
417505,0,0,100,0
97446,10,0,100,0
97578,0,0,100,0
933490,1,0,99,0
934402,5,1,100,2
451304,0,0,95,0
452866,0,0,100,0
456764,0,0,100,0
469505,0,0,100,0
485306,0,1,100,0
494208,5,0,100,0
412984,6,2,100,1
505510,0,0,100,0
941557,1,0,100,1
521760,0,0,100,0
403725,0,0,100,0
153931,1,1,100,1
916412,0,0,100,0
949035,35,0,100,0
584037,0,0,100,0
586110,0,0,100,0
176049,42,3,100,3
950785,0,0,100,0
1899,0,0,100,0
596647,0,0,100,0
1104,5,5,100,5
18660,0,5,100,5
19054,1,1,100,1
929727,5,0,100,0
41297,3,1,100,1
41947,31,6,99,5
98094,0,0,100,0
95885,20,5,100,10
91073,0,0,100,0
123838,20,10,100,10
131245,10,5,100,0
134880,0,0,100,0
142948,50,30,100,35
590984,0,0,100,0
362379,25,0,100,0
164690,20,10,100,10
909440,1,1,100,0
334012,1,1,100,1
222119,5,5,100,5
201391,31,3,100,3
203009,56,36,100,36
911780,1,0,100,0
211192,40,30,100,30
34361,24,5,100,4
220817,25,15,100,10
222240,5,5,100,5
91464,0,0,100,0
245658,0,0,100,0
917249,34,5,100,6
268267,0,5,100,0
279315,30,10,100,10
91596,5,1,100,1
283347,10,5,100,5
294659,15,10,100,10
920100,6,1,100,1
300500,5,5,100,5
308897,9,3,100,4
551941,12,1,100,2
922188,32,11,100,11
327026,15,10,100,10
331180,0,0,100,0
338206,30,10,100,15
343536,30,10,100,15
376035,20,10,100,10
411787,52,16,100,15
435872,35,5,100,0
452734,0,5,100,5
454168,44,34,100,35
457280,10,0,100,0
462098,36,19,100,18
574155,25,20,100,20
939218,20,2,100,2
491217,40,10,100,10
491764,30,10,100,5
939765,8,1,100,1
498513,8,2,100,3
526703,30,10,100,15
243524,56,11,100,12
539427,12,1,100,1
902299,9,0,100,1
949612,49,6,100,5
440256,7,2,100,2
950009,14,5,100,5
950394,10,2,100,1
147362,28,16,100,16
951927,0,0,100,0
918806,59,44,100,44
607541,15,5,100,5
953822,10,0,100,0
687286,5,0,100,0
688231,18,6,99,6
689726,33,5,99,5
693987,5,0,100,5
697125,5,0,100,1
761182,21,3,100,4
708160,15,6,100,6
714712,10,5,100,0
716936,10,0,100,0
718483,15,5,95,5
719005,15,5,100,10
704300,17,6,100,6
687394,9,7,100,7
738271,12,2,100,1
737147,14,2,100,2
749052,10,0,100,5
734373,10,0,100,0
810355,10,4,100,4
758280,11,2,100,2
768936,20,11,100,10
772647,8,4,99,4
683661,20,2,100,2
681054,16,8,100,8
777650,22,6,99,6
780871,5,1,100,1
781436,7,0,100,1
838178,10,0,100,0
786861,8,6,100,7
789232,10,5,100,5
696392,37,6,100,7
792039,10,0,95,0
793884,11,4,100,4
755052,20,15,100,20
798010,23,4,100,4
801283,15,10,95,5
804410,15,10,100,10
680039,15,8,100,8
809144,5,0,100,0
820679,20,5,100,5
821241,5,0,100,5
823058,10,0,100,0
681423,16,6,100,6
823180,23,8,99,8
834319,15,10,100,15
798827,13,11,100,11
839442,10,5,100,5
840912,10,5,100,5
843989,14,3,100,4
848484,10,5,100,5
794978,15,10,100,10
729159,0,0,100,5
854212,19,10,100,9
856630,4,2,100,1
858889,10,5,100,10
684465,30,5,100,10
779,40,10,100,15
913715,44,10,97,10
890332,5,0,95,0
6777,20,5,95,5
890987,20,0,100,0
33680,30,5,98,5
344051,50,7,99,7
251664,67,9,98,9
124887,76,18,100,19
59501,10,5,100,0
66249,30,10,100,10
66761,10,5,100,0
58360,10,5,95,0
586248,59,10,99,9
70777,20,0,90,0
897353,32,11,98,11
411795,10,0,95,0
85898,52,20,100,21
90140,15,0,95,0
94455,20,5,100,10
77046,30,3,97,2
76970,54,9,99,8
111090,25,0,100,0
967740,38,6,98,6
147281,20,5,100,0
893675,30,3,98,2
156469,35,0,90,0
169110,30,5,95,5
164267,20,5,100,5
206470,49,16,100,15
121112,61,10,100,10
180123,16,2,99,2
193046,40,15,100,10
194263,20,6,99,6
474578,50,4,97,3
206474,15,4,100,4
901439,43,9,97,9
940968,5,5,100,5
890405,5,0,100,5
940976,30,10,100,10
940984,15,10,100,10
940925,10,0,100,0
212369,10,0,100,0
912433,10,1,98,0
216267,30,10,100,10
220523,10,0,100,5
220426,15,0,100,0
245259,10,5,100,5
111600,47,5,99,5
253340,49,11,97,10
158377,55,10,98,10
918300,47,8,97,8
280356,10,0,100,0
138990,56,10,99,10
285161,13,2,99,3
223746,31,6,99,7
286087,10,0,100,0
408543,63,20,100,21
291536,20,0,100,0
299855,25,10,95,10
304271,10,5,100,5
312460,10,0,100,0
924393,16,1,98,1
334693,40,21,99,22
336122,20,0,95,5
345229,43,4,99,5
353183,5,1,99,1
926736,42,3,97,3
368857,10,0,100,0
376086,40,15,100,10
380199,59,4,98,4
928160,14,1,97,0
383570,20,15,95,10
932060,35,9,96,9
414646,45,30,95,30
76727,70,19,99,19
421472,37,5,98,5
310777,57,9,99,10
154705,50,12,99,12
433888,5,0,100,0
70734,10,0,100,5
437565,10,0,100,5
442011,48,13,98,13
444022,29,2,96,1
445193,20,1,96,0
445452,20,5,100,5
451720,52,22,99,23
485438,52,19,99,20
487252,20,0,95,5
937665,25,2,100,2
487570,5,5,100,0
489395,15,5,95,0
495263,15,5,95,10
556807,30,0,100,0
510289,35,15,100,10
510130,7,1,99,2
515353,20,0,100,5
536881,10,0,95,0
543217,50,2,98,2
550361,25,10,100,10
947539,34,5,95,5
393777,56,7,98,8
557269,15,5,95,5
369253,74,11,99,12
579742,47,9,99,9
579874,20,0,95,0
597260,47,16,98,16
953121,62,8,98,9
743868,16,7,100,7
689750,20,4,100,3
689386,12,1,99,1
690279,30,10,100,10
693650,15,10,100,10
695343,30,14,99,14
699500,10,5,100,5
710997,5,0,100,0
717053,10,5,100,5
704288,5,5,95,5
819028,11,2,100,1
721972,5,5,100,5
745650,15,5,100,0
742350,0,0,100,0
748544,15,0,100,0
748633,13,2,100,1
752800,20,0,100,0
756180,10,10,100,10
765180,30,10,95,10
772046,0,5,100,5
772160,5,0,95,0
785865,15,5,100,5
775681,0,0,100,0
778028,0,0,100,0
838541,0,20,100,25
784400,10,0,100,0
786152,10,5,100,5
789720,12,2,99,3
792217,10,0,100,5
825892,4,1,100,2
799530,10,0,100,0
800430,26,8,99,8
770965,0,0,100,0
694134,16,2,100,2
751553,10,5,100,5
804673,5,0,100,5
814032,20,10,95,10
866725,20,10,100,5
817678,20,10,95,10
820652,15,10,100,5
821705,15,5,100,5
821268,10,0,100,0
696196,12,2,100,2
824313,10,0,100,5
827401,9,2,100,2
745279,4,0,100,0
834220,30,10,100,10
839779,20,10,100,10
842389,10,5,100,0
851264,15,10,100,10
733105,20,5,100,5
854336,5,0,100,0
855685,26,7,99,7
773786,10,2,100,1
858102,10,0,100,0
863955,24,9,100,9
728,0,0,100,5
2674,10,5,100,10
11568,13,3,100,4
891894,17,3,100,3
287210,38,15,100,15
50415,0,0,100,0
41548,16,1,100,2
90131,25,10,95,15
41980,46,7,100,7
68845,25,10,100,10
560408,35,15,99,15
89257,35,10,100,15
91723,70,45,100,45
105503,30,10,100,5
213012,43,21,100,21
132020,30,10,100,10
488921,54,17,99,17
448940,0,0,100,0
153087,10,0,100,0
916579,6,0,100,1
158151,7,3,100,2
171123,25,10,100,10
198668,10,5,100,5
196240,17,2,99,3
18961,10,5,100,5
203912,25,10,100,5
114477,38,0,100,0
212490,10,10,95,5
217050,30,5,100,0
217301,35,0,100,5
913081,44,9,99,9
222135,40,10,100,10
229130,40,5,100,5
233552,9,2,99,2
252557,30,0,95,5
254096,65,20,100,20
256048,15,10,100,10
891401,10,0,100,0
220145,24,1,100,1
261378,25,10,100,10
273201,15,10,100,5
281492,40,15,100,15
281026,50,5,100,5
303755,75,24,100,23
94608,26,7,99,8
313173,40,5,100,10
314544,30,10,100,5
345873,15,0,100,5
360309,10,0,100,5
361739,35,0,100,5
364983,5,0,100,0
375900,40,0,95,0
376299,10,0,100,0
376949,45,5,100,5
378178,25,0,100,0
893455,41,16,100,16
412309,29,1,99,1
932507,41,1,100,2
434272,20,10,100,5
437557,35,10,100,10
25897,8,4,100,4
464430,10,7,100,6
548172,39,24,100,25
466387,25,10,100,10
467324,39,8,100,8
468207,20,5,100,5
476773,38,6,99,6
927163,0,0,100,0
480738,15,5,100,5
484199,50,10,100,10
490695,5,0,100,5
493163,10,5,100,0
495379,20,10,100,15
939730,29,1,100,1
941328,12,1,99,1
941719,22,2,100,2
515329,50,0,100,0
516244,35,10,100,15
466639,11,3,99,4
942448,11,1,100,2
526983,5,0,100,0
465860,0,0,100,0
539570,10,5,100,5
548022,35,5,100,0
550817,34,3,100,3
579155,50,10,100,10
918563,10,0,100,0
578703,10,0,100,0
579610,10,2,100,3
950653,8,1,100,1
951820,22,3,98,3
952478,32,1,100,2
602957,40,10,100,5
603538,45,15,95,15
615498,33,3,100,3
624721,5,0,100,0
8795,25,5,100,5
26743,0,0,100,0
512796,4,0,99,0
893803,7,1,99,0
49506,5,0,100,0
122661,0,0,100,0
899275,6,1,100,1
147957,10,0,100,0
900478,1,0,100,0
139173,0,0,100,0
927252,7,0,99,0
202495,0,0,100,0
203130,0,0,100,0
244600,4,1,100,1
246034,2,0,99,1
349909,0,0,100,0
290130,0,0,100,0
328456,0,0,100,0
92509,0,0,100,0
344338,0,0,100,0
18279,0,0,100,0
349640,0,0,100,0
929980,0,0,100,0
409839,0,0,100,0
433497,5,0,95,0
453382,0,0,100,0
453641,0,0,100,0
936618,0,0,100,0
473211,3,1,100,1
455598,0,0,100,0
463264,0,5,100,0
465470,0,0,100,0
515639,5,5,100,5
96016,0,0,95,0
478084,1,1,100,1
600610,0,5,100,0
162909,0,0,100,0
948705,2,1,100,1
545008,0,0,100,0
557146,0,0,100,0
564133,0,0,100,0
568821,0,0,100,0
407275,0,0,100,0
717312,0,0,100,0
832634,0,0,100,0
747211,0,0,100,5
706396,0,0,100,0
867985,0,0,100,0
766976,0,0,100,0
768405,5,5,100,5
771686,4,1,100,1
868639,0,0,100,0
731226,0,0,100,0
763721,0,0,100,0
698334,0,0,100,0
812994,5,0,100,0
732788,0,0,100,0
827940,0,0,100,0
832545,2,1,100,1
705748,0,0,100,0
713678,0,0,100,0
713996,0,0,100,0
817448,2,2,100,2
716014,0,0,100,0
742929,0,0,100,0
746045,0,0,100,0
745260,0,0,100,0
755923,0,0,100,0
791024,5,0,100,0
731870,0,0,100,0
825999,0,0,100,0
828467,5,0,100,0
776076,2,1,100,1
826901,0,5,100,0
841986,0,0,100,0
792017,3,1,100,2
918598,0,0,100,0
890464,3,1,100,0
2194,10,0,100,0
20222,0,0,100,0
20877,5,5,100,5
242390,0,0,100,0
33812,5,0,100,0
895539,4,1,99,0
62995,5,0,100,0
246425,0,0,100,0
71056,0,5,100,5
102644,3,2,100,2
91855,0,0,100,0
898260,1,0,100,1
97187,0,0,100,0
899224,5,0,100,0
445658,2,0,100,0
105678,0,0,100,0
251356,0,0,100,0
901687,5,2,100,1
901512,0,0,100,0
967836,2,1,100,1
115380,0,0,100,0
504632,0,0,100,0
69841,10,5,95,0
903078,4,1,99,1
903337,4,0,100,1
131768,0,0,100,0
136891,5,0,100,0
124907,6,1,100,1
147621,5,0,95,0
147826,3,1,100,1
434858,5,0,99,0
906719,1,1,99,0
166340,2,1,100,1
182338,0,0,100,0
56723,0,0,100,0
240184,0,0,100,0
242780,0,0,100,0
244422,0,0,100,5
249939,5,0,100,0
250325,0,0,100,0
255912,10,10,100,15
256897,5,0,100,0
282081,5,2,100,2
357120,0,0,100,0
287890,5,0,100,5
288802,0,5,100,0
919195,7,2,100,2
289884,10,5,100,5
289841,0,0,100,0
295698,5,0,100,0
402908,0,1,100,1
325040,5,0,100,0
551333,5,0,100,0
241091,0,0,100,0
364665,0,0,100,0
380733,2,0,100,1
384747,4,1,100,1
403334,0,0,100,0
91987,0,0,100,0
403350,0,0,100,0
515252,0,0,100,0
931543,0,0,100,0
412180,0,0,100,0
412171,0,0,100,0
109010,0,0,100,0
428680,0,5,100,0
439983,0,0,100,0
935182,5,0,100,0
241610,0,0,100,0
936090,5,0,100,0
454818,4,3,100,3
462225,0,0,100,0
464562,5,10,100,5
467529,5,0,100,0
489298,0,5,100,5
491632,0,0,100,0
501557,0,0,100,0
62340,0,0,100,0
527661,0,0,100,0
381233,0,5,100,0
551074,0,0,100,0
110728,0,0,100,0
947563,7,4,100,4
578053,0,0,100,0
587150,0,0,100,0
587443,0,0,100,0
602361,4,1,100,1
894230,1,1,100,1
583403,0,0,100,0
905283,2,1,100,1
157503,0,0,100,0
190390,0,0,100,0
30759,0,0,100,0
275026,0,0,100,5
918113,0,0,100,0
288675,0,0,100,0
296996,0,0,100,0
570516,0,0,100,0
406929,0,0,100,0
486663,0,0,100,0
937789,5,0,95,0
478997,0,5,100,5
514659,0,0,100,0
936871,5,0,100,0
569739,0,0,100,0
806436,0,0,100,0
805068,5,0,100,0
819360,0,0,100,0
864471,0,0,100,0
864617,0,0,100,5
821225,0,0,100,0
301825,10,10,100,0
11517,5,0,100,0
21008,0,0,100,0
72877,10,5,100,5
130982,0,5,100,0
127868,0,0,100,0
236136,6,3,100,3
198587,0,0,100,0
222372,0,0,100,0
915424,6,3,100,3
287091,0,0,100,0
300632,5,0,100,0
914410,0,0,100,0
352764,0,0,100,0
353159,0,0,100,0
409618,0,0,100,0
415553,0,0,100,0
509566,0,0,100,0
530344,15,10,100,10
950848,4,1,100,1
517216,0,0,100,0
570125,0,0,95,5
952087,2,1,99,0
602620,0,0,100,0
604992,0,0,100,0
169207,9,6,100,6
78,0,0,100,0
1244,0,0,100,0
891274,0,0,100,0
895148,0,0,100,0
55719,5,0,100,0
61824,0,5,100,0
62081,0,0,100,0
63517,0,0,100,0
66370,0,0,100,0
88609,5,2,100,3
919322,6,1,100,1
118583,0,0,100,0
120715,0,0,100,5
135135,5,0,100,0
148660,5,0,100,0
587281,0,0,100,0
185841,10,0,100,5
185833,0,5,100,5
226661,5,0,100,0
890861,4,2,100,2
230693,5,5,100,5
237329,0,0,100,0
243175,5,0,100,5
247197,0,0,100,0
255394,10,0,100,0
275131,5,2,100,2
918938,7,3,100,3
297127,0,0,100,5
297380,10,5,100,5
619787,0,0,100,5
304140,0,0,100,0
305510,0,0,100,0
921408,4,0,99,0
921530,5,0,95,0
308307,0,0,100,0
319872,5,5,100,5
356026,4,1,100,1
361895,10,0,100,0
371610,0,0,100,0
265640,0,0,95,0
910228,2,2,99,1
930636,7,1,99,1
432918,1,1,100,1
622257,5,0,100,0
462748,0,0,100,0
462870,0,0,100,5
463000,5,0,100,0
109920,0,0,100,0
938696,10,0,100,5
486922,0,0,100,0
491080,11,4,100,5
516074,0,0,95,0
548707,4,2,100,2
551147,10,5,100,5
556602,10,0,100,0
948446,45,0,100,0
572853,5,0,100,0
580007,0,5,100,0
570326,5,0,100,0
950521,3,1,100,1
604054,15,0,100,5
615757,10,10,100,10
625221,0,0,100,0
258016,0,0,100,0
18791,2,1,100,1
33235,0,0,100,0
34959,5,5,100,5
893773,10,3,100,3
76120,20,0,100,0
88471,5,5,100,5
90158,30,20,100,20
92371,10,5,100,10
99260,0,0,100,0
119547,10,0,100,0
226482,8,2,97,2
170895,0,0,100,0
184284,0,0,100,0
909181,0,0,100,0
191027,5,5,100,0
936740,5,5,100,5
911135,5,1,99,1
218219,0,0,100,0
601342,5,0,100,0
930348,0,0,100,0
245909,0,0,100,0
281786,7,2,100,2
514721,5,5,100,0
447790,0,5,100,0
920592,3,0,99,0
52045,0,5,95,5
306037,10,0,100,0
307831,0,0,100,0
962236,0,0,100,0
321567,30,25,100,25
322997,0,0,95,0
924130,14,8,100,8
206199,5,0,100,0
599271,10,0,100,0
344149,10,5,100,5
927902,1,0,100,0
384615,0,0,100,0
890596,0,0,100,0
403040,0,5,100,0
415421,0,0,100,0
441589,0,0,100,0
449873,10,5,100,5
453129,0,0,100,0
467553,0,0,100,0
483419,5,0,100,0
483540,5,5,100,5
505099,0,0,100,0
240828,3,1,100,0
538922,0,0,100,0
946494,1,1,100,0
544779,20,15,100,20
547891,0,0,100,0
551376,0,0,100,0
562289,0,5,100,0
263320,10,0,100,0
591270,10,0,95,0
615625,20,10,100,10
688061,0,0,100,0
690406,20,30,100,30
695734,26,18,99,19
704253,0,0,100,0
716294,0,0,95,0
704237,5,0,100,0
718874,10,5,100,10
723673,14,5,99,5
724513,14,10,100,10
732346,0,0,100,0
868698,0,0,100,0
733032,20,2,98,2
737593,20,20,100,20
741884,0,0,100,0
745138,0,0,100,0
752827,14,3,100,4
757225,0,0,100,0
762814,10,10,95,5
771139,20,10,100,5
772615,12,1,99,2
777633,10,5,100,0
781266,8,4,100,3
782440,0,0,100,0
785911,0,0,100,0
790583,5,5,95,0
794279,0,0,100,0
810916,1,0,100,0
815594,0,0,100,0
816116,20,10,100,10
816027,0,0,100,0
822590,14,5,100,5
823139,25,10,100,15
823910,20,20,100,20
825867,5,0,100,0
831190,4,2,99,2
824437,0,0,100,0
832758,45,50,95,45
835129,5,0,100,0
836915,0,0,100,0
838608,0,5,100,0
841463,10,0,100,0
847186,0,0,100,0
850179,5,0,100,0
729140,0,0,100,0
854280,4,3,100,3
855898,30,30,100,30
857840,0,0,100,0
763602,18,5,99,5
874085,2,1,100,0
806137,10,5,95,0
690066,10,0,100,0
798986,10,15,100,10
371742,0,0,100,0
372005,0,0,100,0
266063,2,1,100,2
943630,0,0,95,0
20540,0,0,100,0
40331,5,0,100,5
901385,4,1,99,1
156728,0,0,100,0
156981,0,0,100,0
190411,0,0,100,0
925179,0,0,100,0
196169,0,0,100,0
271128,0,0,100,0
70246,0,0,100,0
76074,0,0,100,0
328278,0,0,100,0
328588,10,0,100,0
505820,0,0,100,0
348732,5,0,100,0
351202,0,0,100,0
400475,0,0,100,0
946109,0,0,100,0
934275,2,0,100,0
437329,0,0,100,0
420428,0,0,100,0
441945,0,0,100,0
514187,5,0,100,0
523712,0,0,100,0
385263,0,0,100,0
542172,0,0,100,0
543993,5,0,100,0
577537,0,0,100,0
579459,5,0,100,0
214588,0,0,100,0
951463,0,0,100,0
536326,5,0,100,0
953385,3,1,100,2
317124,5,0,100,0
686042,5,0,100,5
688320,5,0,100,0
690791,4,0,99,0
693910,15,10,100,10
703796,14,4,99,4
706655,10,5,100,5
715247,19,6,100,5
718092,9,3,100,2
726087,5,1,99,2
728098,12,5,100,5
730831,10,0,100,0
782831,5,0,95,0
737720,10,5,100,5
740195,7,2,99,1
742155,7,2,100,2
743577,20,10,95,10
694304,20,5,100,5
749427,10,10,100,10
758264,5,0,100,0
790818,16,3,99,4
773662,22,6,100,6
761710,13,4,100,4
766453,0,0,95,0
766712,20,10,100,5
768928,0,5,100,5
770353,10,5,100,5
770612,0,5,100,5
773344,20,10,100,10
775550,0,0,100,0
719390,5,5,100,0
783749,10,10,100,5
786349,10,5,100,0
787906,0,0,100,0
789330,0,0,100,0
793752,0,0,100,0
744743,5,0,100,5
799211,10,0,100,0
715166,0,0,100,0
803766,5,0,100,0
694177,12,2,100,2
808709,0,0,100,0
809098,0,5,100,0
816892,10,5,100,0
823112,5,2,100,1
823783,0,0,100,0
826120,20,5,100,5
827819,0,0,100,0
832880,10,0,100,0
836001,10,5,100,10
837563,15,10,100,5
838993,5,0,100,0
844322,5,5,100,0
846147,0,0,100,0
688784,10,0,100,5
852910,0,0,100,5
744352,0,0,100,0
736465,10,5,100,5
384801,0,0,100,0
724467,0,5,100,0
733172,0,0,100,0
743054,0,0,100,0
748250,0,0,100,0
766585,0,0,100,0
790176,0,0,100,0
795798,5,0,100,0
797391,0,0,100,0
763659,2,1,100,0
754625,0,0,100,0
857580,0,0,100,0
810002,0,0,95,0
815462,0,0,100,0
689491,20,10,100,0
706027,5,0,100,0
716537,0,0,100,0
740454,5,0,100,0
863440,15,5,100,5
704854,10,5,100,5
758914,5,0,95,0
839515,0,0,100,0
862134,0,0,100,0
800902,0,0,100,0
815616,0,0,100,0
840688,5,0,95,0
758000,5,0,100,5
813770,0,0,100,0
839388,0,10,100,0
724777,12,2,98,2
724769,10,0,100,5
688193,20,35,90,40
695963,15,10,100,10
699241,10,5,95,0
699896,25,20,100,20
700193,5,10,100,10
691100,25,15,95,15
707724,20,10,100,10
724530,20,10,100,5
689971,10,0,95,5
760013,5,3,99,2
864609,20,10,100,10
741485,20,15,100,10
711497,10,5,100,5
718408,5,0,95,0
724742,14,3,97,3
724734,16,3,98,3
721085,20,7,95,8
722561,20,10,100,10
689181,43,28,94,28
725617,30,20,95,20
759538,15,10,100,10
809020,35,10,90,10
812757,30,10,90,10
753823,25,10,95,10
707821,30,40,90,40
734349,10,0,100,0
749168,20,10,100,10
752193,20,5,95,10
711721,30,20,90,20
759970,4,0,99,0
760005,3,0,99,1
701599,10,5,100,5
691232,17,4,99,4
773085,60,10,95,10
775290,10,5,100,5
779326,19,10,99,9
780774,30,25,95,20
740586,10,0,100,0
784451,10,0,95,5
785822,10,10,100,5
688738,10,0,100,0
789070,30,15,90,10
754832,21,6,98,6
702749,10,5,95,0
794406,15,10,100,10
796093,15,10,100,10
729795,10,0,95,0
691186,5,0,100,5
753246,14,4,99,4
804126,20,10,100,10
764914,19,2,96,2
764922,19,3,97,2
708470,3,2,99,2
726036,15,10,100,5
820792,40,25,90,25
821195,15,5,95,10
864331,3,0,98,1
827843,5,0,100,0
708267,18,6,99,6
708739,0,5,100,0
704873,16,4,94,4
828386,15,0,90,0
720569,5,0,100,0
707694,0,0,100,0
833010,30,10,90,10
835617,10,10,95,5
836265,29,9,95,9
688878,10,5,100,5
816132,43,16,96,16
841900,35,15,95,15
689203,20,5,95,5
842915,20,10,100,10
843296,13,3,95,2
845124,11,3,97,3
845620,0,0,100,0
847313,30,19,97,18
849260,25,20,100,20
702250,10,0,95,0
856118,21,5,98,5
849407,25,0,100,5
689173,30,25,95,25
700227,19,5,98,5
702385,10,5,95,0
848612,15,5,95,5
843510,24,5,98,4
838912,30,5,100,5
731374,20,15,100,15
814241,20,5,95,5
750271,15,10,95,10
751375,10,5,95,5
741680,10,5,100,5
733270,10,5,100,5
733288,23,7,97,8
689130,50,25,95,30
744065,8,3,99,3
864510,20,10,90,10
566,5,3,99,2
890243,24,2,100,3
320510,38,6,100,5
947210,72,42,97,42
4626,20,10,100,10
13986,26,6,99,6
20354,70,20,100,20
119207,25,0,100,0
32271,30,10,95,10
36340,80,35,100,35
36862,25,5,100,5
894362,54,14,100,15
315877,40,10,100,15
41670,25,15,100,10
40665,37,10,100,10
55069,60,30,100,30
61077,30,15,100,15
34452,20,5,95,10
63908,13,4,99,4
896705,55,12,99,13
906514,18,1,99,1
76511,60,20,100,20
898317,17,3,99,2
84832,60,40,95,35
86240,65,45,100,50
86487,20,10,95,5
86452,5,1,99,1
383252,38,6,99,6
90182,45,30,95,30
282953,53,9,99,9
101869,80,30,100,35
107778,0,0,95,0
671053,40,0,100,5
902586,38,3,96,3
121886,15,10,95,10
121940,30,10,100,10
671207,30,20,100,10
131504,40,15,100,15
139432,5,0,100,0
153508,40,10,100,5
151416,20,0,100,5
634184,46,8,100,8
906484,42,6,98,5
170763,15,5,100,5
907898,10,0,100,0
177008,9,2,98,1
50261,30,10,100,10
129674,10,0,95,0
83456,41,8,100,8
193640,60,20,100,20
196266,35,10,100,15
196762,20,10,100,10
197211,15,2,98,2
88560,25,5,100,10
911143,5,0,100,0
211583,40,30,100,30
216658,20,5,100,5
912697,19,7,99,7
224197,20,5,100,5
392197,20,0,95,0
913472,58,20,97,20
223930,10,0,100,0
424919,5,0,95,0
62050,40,7,99,7
250848,55,30,100,30
419222,15,0,100,0
252875,45,20,100,20
356980,0,0,95,5
916854,40,4,99,4
259810,15,5,100,10
264628,10,5,98,5
273333,6,3,100,2
287202,38,8,99,9
286168,20,5,100,10
918954,27,1,99,2
285455,26,6,99,7
579722,35,0,95,0
287563,2,1,99,1
287156,30,5,100,5
302759,18,4,99,4
452440,10,0,100,0
305057,20,0,100,0
37699,25,5,100,5
922960,31,7,98,7
27235,42,6,99,7
900494,39,4,99,4
332356,28,7,97,7
332488,45,30,95,25
332615,10,0,100,0
129690,15,2,98,2
345903,19,3,99,2
356409,30,20,100,15
925691,23,3,100,3
114334,45,15,100,15
423874,5,0,100,0
382272,7,4,99,4
928291,15,2,99,2
929425,10,0,100,0
407232,0,0,100,0
419389,10,0,100,0
424650,0,0,100,0
932710,0,0,100,0
925403,20,0,100,0
444936,50,20,95,20
448834,30,10,95,10
463523,50,15,100,15
465089,45,10,100,15
480428,15,10,95,10
939420,15,0,100,0
483150,5,0,100,5
938564,67,23,99,24
487180,30,5,95,10
121690,40,10,95,10
487317,25,25,95,30
487384,30,15,100,10
319937,48,10,98,10
60925,20,10,100,10
488356,25,20,95,20
489360,50,30,100,25
474444,55,26,99,26
506168,30,5,100,10
942952,10,0,100,0
942014,25,1,99,2
620213,30,5,95,5
942332,29,3,99,3
516694,35,10,100,15
942855,5,1,100,1
204901,36,9,99,9
310646,41,5,98,5
565750,16,2,100,2
537624,12,4,99,4
595012,2,1,100,0
330043,29,3,98,2
554910,15,5,95,5
383260,25,0,95,5
396902,41,8,99,8
577405,38,12,98,12
578576,50,30,100,25
579297,64,18,99,19
579351,25,5,100,5
61972,25,8,100,8
951366,22,1,98,2
624500,7,3,99,4
619523,15,2,99,3
954420,51,22,99,22
624330,50,30,100,30
4880,32,10,100,10
12815,35,5,100,5
11533,10,0,100,0
13463,48,8,100,8
57274,55,25,100,30
74438,5,5,100,5
901887,50,0,90,0
892203,56,6,99,6
21369,46,14,100,14
102016,62,18,100,18
503560,53,14,100,14
30880,46,10,100,10
32280,65,14,99,14
37907,40,10,100,10
40762,10,0,100,0
89058,73,5,99,5
49450,40,20,100,20
895920,43,14,100,15
896055,51,4,99,5
57347,45,20,100,20
250350,64,29,100,31
61107,60,28,100,29
198811,54,9,100,9
63525,64,8,100,9
63550,59,11,100,11
66532,30,5,100,5
71188,48,7,99,7
71781,53,8,100,8
514070,63,4,100,4
74047,10,0,100,0
74179,10,0,100,0
80454,74,26,100,26
27655,59,7,100,7
97098,65,25,100,25
33387,60,5,100,4
74373,60,18,99,19
918407,69,3,100,3
88340,70,9,100,9
899003,29,1,99,2
501875,57,8,100,9
899828,56,15,100,14
88935,68,16,99,16
89028,65,10,100,10
94757,54,6,100,6
901342,65,4,100,5
80741,76,40,100,40
107735,68,28,100,28
267840,66,7,100,7
59404,67,10,100,10
108626,55,16,100,15
111228,20,15,100,15
901660,43,7,99,6
111872,80,35,100,35
237787,50,15,95,10
122815,60,20,100,20
96327,50,10,100,15
123145,50,10,100,10
124869,66,12,99,12
35007,70,5,100,5
127515,57,20,100,20
133698,48,10,100,10
134198,60,8,99,8
909673,50,6,100,6
254568,65,16,100,17
140864,55,25,100,20
141070,45,7,100,6
186040,52,8,100,8
142832,36,8,100,7
603791,50,20,100,20
195640,73,9,100,8
158313,37,3,99,4
163449,60,10,100,10
165620,61,13,100,13
166936,63,11,100,11
167070,41,8,99,8
426375,51,7,100,8
173479,70,30,100,35
174920,5,0,100,0
276502,80,60,95,70
202987,66,14,100,14
185655,40,10,95,5
909092,56,9,99,10
185850,50,10,100,10
588552,62,5,100,6
192864,80,49,99,50
192910,63,13,100,14
193097,72,11,100,12
193070,50,10,100,10
194093,64,14,100,14
199125,64,7,100,7
910058,55,7,99,7
199362,76,31,100,32
201073,45,10,95,10
201316,20,10,100,5
201413,68,19,100,20
210455,40,15,100,10
218731,30,10,100,15
913189,71,10,99,10
217387,70,10,95,10
221538,55,10,95,10
494577,40,5,100,5
228940,70,13,100,13
229199,60,10,100,10
229377,55,9,100,10
230774,40,10,100,10
243426,50,20,100,20
253464,35,10,100,10
943916,73,6,100,6
250716,35,5,100,10
236845,63,7,98,8
916269,39,6,100,6
252530,25,0,100,0
253448,32,0,99,1
118827,65,8,100,9
254550,65,10,100,15
258121,20,0,100,0
258148,30,10,100,10
259322,31,12,100,11
263508,45,10,100,5
263397,52,12,100,12
917559,20,0,100,1
273260,65,24,100,25
274763,50,5,100,10
595134,44,4,100,4
5797,10,5,100,0
587234,69,4,100,4
309432,64,14,100,14
185731,25,5,100,5
935244,63,7,100,7
282375,35,10,100,10
918830,69,16,99,16
930679,22,2,100,1
289582,10,0,100,0
291986,50,15,100,10
297682,41,9,100,9
307548,55,10,100,10
308455,72,10,100,10
311960,51,12,99,13
952885,63,14,100,13
314579,51,6,100,6
499344,62,10,100,11
321958,10,5,100,5
924008,28,2,98,2
65223,70,8,100,8
904203,70,6,100,6
328324,55,0,100,0
328448,20,10,100,10
336467,20,5,100,5
345610,80,15,100,20
329215,30,10,100,15
925349,24,0,100,0
350192,70,10,100,10
444522,65,5,100,5
329690,54,8,100,8
351857,25,15,100,15
605063,61,22,100,22
925551,47,6,100,6
356921,50,15,99,16
364150,70,36,100,38
365246,35,0,100,0
366412,20,0,100,0
925535,74,7,100,8
372480,64,8,100,8
332933,65,11,100,11
419607,40,20,100,20
164342,60,6,100,7
372978,63,6,100,7
380164,60,20,100,20
382647,50,15,100,15
212749,57,10,100,10
930660,63,4,100,3
411655,33,12,100,12
414395,60,25,100,25
612932,67,19,100,19
427667,51,11,100,12
429465,25,5,100,5
431966,10,0,100,0
905838,40,0,100,5
436097,50,5,100,5
943381,37,3,99,3
958431,30,5,100,5
449075,30,20,100,20
449032,47,5,100,5
935832,50,9,100,9
464171,45,10,100,15
465232,60,10,100,10
466778,65,30,100,35
147831,86,12,100,12
476650,30,10,100,10
239570,52,10,100,10
938009,76,10,100,10
484580,45,19,100,19
484849,65,15,100,16
486400,25,10,100,5
487902,37,7,100,7
487414,74,10,100,10
561022,76,8,100,9
493318,62,5,99,5
330632,53,10,99,9
494275,38,6,99,6
494011,34,5,100,5
107280,71,18,100,18
939596,71,6,100,7
501506,35,10,95,10
519588,35,5,95,10
156880,71,8,100,9
509019,45,25,100,20
510548,30,5,100,0
519871,78,17,100,17
514241,70,45,100,45
514357,40,10,100,10
209969,62,8,100,8
514900,45,10,100,5
516210,35,5,100,10
373279,36,2,99,2
516430,25,10,95,10
518042,25,10,100,5
31851,42,1,100,1
626274,69,10,99,9
527971,74,10,100,10
528137,50,5,100,10
24650,80,10,100,10
962646,79,15,100,16
945978,39,4,98,4
536733,72,6,100,6
948187,75,29,99,30
550620,10,10,100,10
551040,28,8,100,7
551422,60,30,100,30
619299,65,10,100,10
954403,63,9,99,9
552259,63,16,100,16
552399,60,15,100,15
168221,62,7,100,6
552887,77,42,100,42
557234,56,7,99,7
6005,55,0,100,0
561037,62,7,100,6
561045,40,10,100,10
67723,59,13,100,14
918440,58,1,100,2
578835,50,13,99,13
107284,58,4,100,5
951404,35,0,100,5
598720,35,15,100,10
600091,45,15,95,10
229647,45,5,100,5
604780,73,18,100,18
605093,24,9,99,9
505790,54,5,100,4
614238,50,6,100,6
618063,50,10,100,15
619981,53,10,99,10
439738,0,0,100,5
706299,5,0,99,1
704261,4,1,100,0
737970,4,1,100,0
720240,3,1,100,1
721344,0,0,100,0
731358,0,0,100,0
730688,0,5,100,0
832146,0,0,100,0
767751,5,0,100,5
771783,4,2,100,2
774383,0,0,100,0
781304,4,1,100,0
786667,0,0,100,0
788147,3,2,100,1
850977,4,0,100,0
804932,0,0,100,0
751383,0,0,100,0
704318,0,0,100,0
741620,5,0,100,0
809535,4,0,98,0
705870,0,0,100,0
706000,0,0,100,0
825654,5,0,100,0
828858,0,0,100,0
830020,0,10,100,0
830410,2,1,100,1
829242,5,0,95,0
733253,5,0,100,5
840165,0,0,100,0
841498,0,0,100,0
842893,0,0,100,0
843024,0,5,100,0
845361,4,3,100,2
851116,3,1,100,1
851477,0,5,100,0
855006,0,0,100,0
417580,0,0,100,0
909190,0,10,100,0
932302,0,0,100,10
185930,0,0,100,0
2283,0,5,100,0
911609,0,0,100,0
9563,5,0,100,0
11550,0,5,100,5
26590,0,0,100,0
941542,0,0,95,0
73393,0,5,100,0
84310,0,0,100,0
85618,0,0,100,0
101478,0,0,100,0
105635,0,0,100,0
901121,0,0,100,0
105627,10,0,100,0
107719,0,0,100,0
494578,0,0,100,0
895237,0,0,100,0
122920,0,0,100,0
131008,0,0,100,5
4502,0,0,100,0
909319,0,0,100,0
672785,0,0,100,0
308439,0,0,100,5
145807,0,0,100,0
920622,1,2,100,2
311944,0,0,100,0
314676,0,5,100,0
116646,0,0,100,0
923354,0,0,100,0
53221,5,0,95,0
923486,3,1,99,1
923613,2,1,100,1
328197,7,9,100,9
924679,0,0,100,0
237582,0,0,100,0
125261,10,0,90,0
410918,2,1,99,1
456632,0,0,100,0
464309,5,5,100,5
468070,1,1,100,1
136964,0,0,100,0
479403,0,0,100,0
496154,0,0,100,0
941298,1,2,100,2
569992,1,0,99,0
314935,0,0,100,0
602558,0,5,100,0
892939,0,0,100,0
97209,10,0,100,0
141518,5,0,100,0
596092,0,0,100,0
910872,4,0,99,0
280747,5,0,100,0
366285,0,0,100,0
500445,5,0,100,0
937657,0,0,100,0
9954,0,0,100,0
487830,5,0,100,0
540005,0,0,100,0
689939,0,0,99,0
689343,0,0,95,0
695211,0,0,100,0
752410,0,0,100,0
717185,0,0,100,0
742147,0,0,100,0
744654,0,0,100,0
745910,0,0,100,0
748129,0,0,95,0
769185,0,0,100,0
774251,0,0,95,0
753580,0,0,95,0
798568,0,0,100,0
802980,0,0,100,0
814962,0,0,95,0
806234,5,0,100,0
829501,0,5,95,5
835226,0,0,100,0
856410,0,0,95,0
724076,0,0,100,0
854186,0,0,100,0
18830,0,0,100,0
2305,0,0,100,0
892416,3,1,99,1
37648,0,0,100,0
93157,0,0,100,0
100757,0,0,100,0
113956,0,0,95,0
167380,0,0,100,0
925365,2,0,99,0
253472,5,0,100,0
256307,5,0,95,0
291790,0,0,100,0
291404,10,0,100,0
904767,5,0,95,0
924431,0,0,100,0
355224,0,0,100,0
932434,0,0,100,0
469114,0,0,100,5
444677,0,0,100,0
462489,0,0,100,0
937916,0,0,100,0
193735,0,0,100,0
937983,0,0,100,0
11770,0,0,100,0
32700,0,0,100,0
123885,4,0,98,0
902747,0,0,95,0
90557,5,0,95,5
2933,0,0,100,0
3131,5,3,100,3
277495,14,2,100,2
11584,4,3,100,3
12971,0,0,100,0
186666,12,2,100,1
305731,5,0,100,5
186236,5,1,100,1
505808,8,4,100,4
314617,5,0,100,0
893064,3,1,100,1
893323,5,2,100,2
34762,0,0,100,0
37125,0,0,100,0
894060,6,2,99,2
32298,1,1,100,1
28130,15,3,100,2
895792,20,3,100,3
60445,5,0,95,0
71960,0,0,100,0
80268,0,2,100,2
456756,49,5,100,5
111465,0,0,100,0
114472,5,5,100,0
116815,0,0,100,0
902551,3,1,100,1
383708,5,0,100,0
185973,5,0,100,0
125482,0,0,100,0
130893,5,0,100,0
160172,0,0,100,0
907383,7,2,100,1
908274,0,0,100,0
181323,15,0,100,0
181757,7,2,100,1
195812,10,3,100,3
384550,30,5,100,5
201464,4,1,99,0
73065,20,0,100,0
928151,1,0,100,1
221740,6,2,100,1
233480,0,0,100,0
244996,1,0,100,0
485183,16,1,99,2
257346,6,2,99,3
595047,0,0,100,0
263079,12,3,99,4
595861,10,0,100,0
273988,5,0,100,0
274542,2,0,100,1
225946,12,5,99,5
918253,8,1,100,2
275670,10,0,100,0
124761,0,0,100,0
285684,10,5,100,5
311251,10,0,100,0
34808,10,0,100,0
87934,5,5,100,0
334820,15,5,100,0
336289,17,4,100,4
337862,0,0,100,0
366544,0,0,100,0
378089,0,0,100,0
466951,2,1,100,1
927724,5,1,99,1
384259,0,0,100,0
412430,0,0,100,0
902636,4,1,100,1
412570,0,0,100,0
414123,5,0,100,0
419346,10,0,100,0
968729,2,0,100,1
122092,0,0,100,0
451649,6,1,100,2
472360,0,0,100,0
480037,5,0,100,0
636037,0,0,100,0
507946,0,0,100,5
917231,1,1,100,1
595993,10,0,95,0
945196,0,0,100,0
110418,0,0,100,0
535281,10,0,100,5
543438,0,0,100,0
574287,1,1,100,0
40509,0,0,100,0
521248,5,0,100,0
551090,15,4,100,4
557897,0,0,100,0
559075,15,0,95,0
547123,10,3,100,3
948870,2,0,100,0
337030,0,0,100,0
579190,9,3,100,3
585599,20,2,100,2
580520,0,0,100,0
357316,0,0,100,0
586846,5,0,100,5
594970,10,3,100,3
612405,5,2,100,2
429619,1,0,100,0
622028,5,0,100,0
693634,5,0,100,0
706930,8,1,100,0
729663,0,0,100,0
720518,9,1,100,2
716413,0,0,100,0
711098,14,4,100,4
732303,0,0,100,0
732311,0,0,100,0
733563,5,0,100,0
732354,0,5,100,0
733520,5,0,100,0
737372,1,1,100,1
744611,5,1,99,1
745391,0,0,100,0
723630,0,0,100,5
751103,2,1,100,1
756962,0,0,100,0
808007,3,2,100,2
714208,0,0,100,0
516651,0,0,100,0
685145,13,1,100,2
770655,0,0,100,0
775061,0,0,100,0
777935,15,5,100,0
779849,0,5,100,5
781487,8,4,99,4
782130,20,0,100,0
786691,5,5,100,5
790044,5,0,100,0
798436,5,0,100,0
809179,10,5,100,5
801275,5,2,100,3
805840,5,0,100,5
813389,4,2,100,2
822566,0,5,100,0
828335,5,5,100,5
829374,0,5,100,0
833061,10,5,100,0
835749,5,0,100,0
836320,10,5,100,5
837199,0,0,100,0
840815,2,1,100,1
843342,5,5,100,0
844012,4,1,99,1
852775,1,1,100,1
773050,4,1,100,2
750905,0,0,100,0
824690,7,3,100,2
733199,10,0,100,5
868914,0,0,100,0
697567,0,0,100,0
708003,0,0,100,0
842249,0,0,100,0
710970,4,3,99,2
715492,0,0,100,0
719269,0,0,100,0
767339,5,0,100,0
724009,0,0,100,0
743984,5,0,100,0
757748,5,0,100,0
758108,0,0,100,0
765155,0,0,95,0
770671,0,0,100,0
771295,0,0,100,0
788813,0,0,100,0
803375,0,0,100,0
809233,0,0,100,0
811432,0,0,100,0
773757,5,0,100,0
833142,0,0,100,0
834602,0,0,100,0
836788,1,1,100,1
843415,5,0,100,0
846015,0,0,100,0
856800,0,0,100,0
857971,5,0,100,0
864366,1,0,100,1
689351,0,0,100,0
869673,0,0,100,5
701745,5,2,99,3
721212,0,0,100,0
730963,10,0,100,0
730971,0,0,100,0
750336,0,0,100,0
770744,0,0,95,0
777196,5,0,95,0
782181,0,0,95,0
783358,3,2,99,2
785954,0,0,100,0
791075,0,0,95,0
798878,0,0,95,0
804282,5,0,100,0
746827,0,0,95,0
757127,5,0,100,0
830399,0,0,100,5
714194,0,0,100,0
719994,0,0,100,0
742660,0,0,100,0
745782,0,0,100,0
788031,5,0,100,0
797260,0,0,100,0
808571,0,0,100,0
824046,0,0,100,0
214574,0,0,100,0
385131,5,5,100,0
912565,0,0,100,0
940666,0,0,100,0
924652,0,0,100,0
924784,0,0,100,5
338010,0,5,100,0
320650,0,0,100,0
929336,0,0,100,0
502006,10,10,100,0
550884,0,10,100,20
890073,28,4,100,4
540,0,0,100,0
1503,0,0,100,5
2542,0,0,100,0
7358,0,0,100,0
11576,7,2,100,2
11622,0,0,100,0
23990,15,10,100,10
612766,20,10,100,10
892670,0,0,100,0
26395,44,16,100,16
947148,5,0,100,0
467572,0,0,100,0
55611,10,0,100,0
72095,8,1,100,1
58416,10,5,100,5
72222,4,1,100,1
72613,20,5,100,5
82880,5,0,100,0
82759,0,0,100,0
136020,38,7,99,7
320005,25,5,100,5
899305,5,1,100,1
98876,0,0,100,0
106526,30,0,100,0
108103,28,9,100,9
901644,7,0,100,0
111406,20,15,95,15
902420,1,0,100,0
134236,10,0,100,0
136182,5,0,100,0
155810,0,0,100,0
430242,57,33,99,33
157244,5,0,100,0
49603,10,5,100,5
906581,20,2,99,2
160210,5,0,100,0
162221,5,0,100,0
163740,0,0,100,0
167738,0,0,100,0
170500,5,5,100,0
179752,27,8,99,9
137743,3,1,100,1
589890,5,0,100,0
190268,5,0,100,0
191825,15,0,95,5
201529,5,0,100,0
203521,5,5,100,0
217174,22,11,100,11
912824,0,0,100,0
912956,1,0,100,0
914908,23,11,99,11
245038,2,0,100,0
255300,11,0,100,0
257737,15,0,100,5
918024,5,3,100,2
918156,1,0,100,0
275514,0,0,100,0
133006,0,0,100,0
280810,40,11,100,11
522619,35,10,100,10
283410,15,10,100,10
560766,11,3,100,4
302664,2,1,100,0
166600,0,0,100,0
289710,19,2,100,2
451436,0,0,100,0
302716,10,5,100,5
469,12,3,100,4
438062,2,1,100,1
311855,20,0,100,0
318051,2,2,100,2
923745,41,3,99,3
923877,12,2,100,2
904503,0,0,100,0
321338,30,10,100,10
321370,5,2,100,2
321435,5,0,100,0
273724,27,4,99,4
46639,0,0,100,0
346780,42,11,100,13
351466,0,0,100,0
351725,5,0,100,0
925560,6,1,99,1
381568,2,1,100,1
927430,33,15,100,16
375128,5,0,100,0
378119,5,0,100,0
622346,5,0,100,0
384909,15,5,100,10
403377,5,0,100,0
930113,0,0,100,0
410357,60,35,95,35
410454,0,0,100,0
410748,0,0,100,5
411396,21,2,99,2
931934,24,4,99,4
417203,5,0,100,0
510700,20,10,100,10
429597,2,0,100,0
433608,0,0,100,0
944939,1,1,100,1
435317,2,1,100,0
263451,2,0,99,0
448389,0,0,100,0
450391,20,0,100,0
453773,0,5,100,0
456314,9,0,99,0
457418,20,5,100,5
481017,50,20,100,20
485322,0,0,100,0
486272,25,10,100,10
557188,6,1,100,1
456241,5,0,100,0
495638,25,15,100,10
940437,19,3,100,2
14061,46,13,100,13
941743,27,7,100,8
87548,30,20,100,25
218863,31,14,100,14
515787,10,0,100,0
942162,16,1,99,1
142565,0,0,100,0
526436,0,0,100,0
524883,10,0,100,0
525278,2,0,100,1
527742,13,1,100,0
528005,0,0,100,0
530212,20,10,100,10
586970,32,15,100,15
537675,30,20,100,20
539180,15,0,100,0
945846,1,0,100,0
329886,20,5,100,0
548545,0,0,100,0
550493,0,0,100,5
947237,5,0,100,0
551104,0,0,100,0
560898,0,5,100,5
563102,10,0,100,5
566225,55,30,100,30
569860,0,0,100,0
575321,10,5,100,0
579327,40,20,100,20
951439,0,0,100,0
515008,5,0,100,0
587215,25,5,100,5
73745,2,0,100,0
600679,25,0,100,0
952346,64,35,99,36
602272,30,16,99,15
604836,41,17,100,16
359520,1,0,100,0
605816,39,12,100,13
612707,15,5,100,10
131377,0,0,100,0
619000,17,14,100,14
954551,2,0,100,0
621862,5,5,100,0
627194,0,0,100,0
705217,5,5,100,0
689637,0,0,100,0
700150,5,5,100,0
714810,5,0,100,0
715751,0,0,100,5
741817,5,0,100,0
758400,2,0,99,1
769703,0,0,100,0
778672,3,1,100,0
788945,5,0,100,0
790150,5,0,100,5
798193,4,1,99,1
815853,0,0,100,0
821187,0,0,100,0
823651,1,1,100,0
687111,2,1,100,0
841722,0,0,100,0
847445,0,0,100,5
854727,0,0,100,5
857998,10,0,100,0
686247,23,5,100,5
686891,30,15,100,15
689360,27,2,99,2
691798,52,16,100,16
710601,30,0,100,0
694815,30,5,100,5
690538,12,7,98,7
690660,30,15,100,20
690961,52,19,100,19
694045,20,5,100,10
694509,10,0,100,0
694550,23,3,99,2
695408,10,0,100,0
695947,26,4,100,4
703001,30,5,100,10
702935,63,27,100,27
785539,35,25,100,30
707589,33,18,100,18
731951,30,1,99,2
706426,5,1,100,1
707708,41,13,100,13
714062,20,8,100,8
704210,15,10,100,10
715239,30,10,100,5
716146,30,5,100,10
717444,20,0,100,0
719528,30,10,100,10
720178,40,20,95,20
721603,32,10,100,10
721999,15,10,100,10
723096,53,34,99,34
723576,32,7,99,7
723428,55,27,100,27
694428,85,6,100,6
728055,28,5,100,5
728063,50,10,100,15
729019,53,33,100,33
730653,53,14,100,15
730882,39,7,100,6
731820,31,4,100,5
732443,36,13,99,13
733016,15,0,100,0
733474,35,10,100,5
680354,65,45,100,40
722900,40,10,100,10
927830,45,30,100,30
743482,40,10,100,10
685100,50,30,100,25
732435,25,20,100,20
733954,20,10,100,10
734080,21,3,100,3
738115,33,8,99,9
743704,19,12,100,11
744565,30,5,100,10
744751,40,20,100,25
746177,38,16,100,16
747602,17,3,99,3
747998,10,5,100,10
748382,13,3,99,3
749290,32,15,100,15
749559,20,5,100,0
748773,50,25,100,25
820814,20,0,100,0
751634,45,25,100,30
752690,45,5,100,5
752819,25,5,100,5
756334,20,0,100,0
763462,50,10,100,10
763772,38,11,100,11
765023,10,5,100,5
765635,30,20,100,20
765759,45,30,100,30
766038,30,10,100,10
767913,30,10,100,10
768537,20,0,100,0
845182,29,26,100,26
768790,27,25,99,25
769525,27,19,100,19
772437,15,5,100,5
773735,20,10,100,10
785857,30,20,100,20
775444,28,19,100,19
775819,25,20,100,20
775843,20,10,100,10
776637,20,0,100,10
776360,37,10,100,10
776700,20,10,100,15
776980,23,7,100,9
778800,28,8,100,8
780235,25,7,100,7
780499,30,20,100,15
780570,7,2,100,3
780880,16,6,100,7
781118,20,10,100,15
781380,25,5,100,5
781797,17,4,100,4
782963,25,5,100,5
783510,30,10,100,10
784389,30,0,100,5
784656,15,0,100,0
784990,30,5,100,10
785334,26,6,100,6
785563,20,5,100,5
786276,65,10,100,5
786497,10,5,100,5
786756,15,5,100,5
787353,25,5,100,5
787388,40,25,100,25
787663,30,25,100,20
788163,35,15,100,20
789208,30,20,100,20
789100,30,5,100,5
789690,20,5,100,0
789917,14,3,100,3
789992,20,10,100,10
792454,36,14,100,13
791946,20,15,100,15
791679,20,0,100,5
793620,45,30,100,25
793868,60,5,100,10
794678,35,30,100,30
795968,15,4,100,4
796611,30,5,100,5
797073,35,10,100,15
798215,40,10,100,5
798290,50,30,95,30
799343,45,15,100,15
799734,37,7,100,7
800406,25,10,100,5
800775,29,15,99,15
801160,25,10,100,15
850306,35,10,100,10
802336,0,5,100,5
694193,34,6,98,6
751537,37,5,100,5
805866,30,10,100,5
724122,45,20,100,20
802468,20,15,100,15
805971,90,20,100,20
811564,10,0,100,5
815160,60,30,100,35
814954,37,8,99,8
816370,31,15,100,15
689807,40,40,100,40
816760,30,20,95,20
817287,50,15,95,20
818194,30,10,100,10
819239,25,5,100,10
820610,50,15,100,10
820903,25,10,100,10
821055,20,25,95,30
821578,50,20,100,20
689998,40,0,100,10
822353,33,16,99,16
822876,50,15,100,10
823597,25,5,100,10
824305,30,20,100,25
689831,56,30,99,29
830933,25,10,95,10
827290,45,15,100,15
832367,46,13,100,13
832219,35,20,100,20
832405,25,10,95,10
834491,40,10,100,15
835200,20,0,95,0
834718,20,0,100,0
835480,35,25,100,30
733024,30,20,100,15
836133,20,15,100,15
836435,44,8,100,9
836524,20,10,100,10
685550,57,16,99,17
836656,46,24,100,23
838268,48,23,99,23
842540,35,10,100,10
751405,45,10,100,10
846660,12,2,100,3
848220,24,9,100,10
849243,25,65,100,70
848875,20,5,100,5
849138,40,10,100,10
849650,34,14,100,14
849812,30,10,100,10
850047,20,20,100,20
850209,40,10,100,5
850381,25,9,100,9
850829,25,20,100,20
851078,50,10,100,10
852511,20,5,100,5
855243,38,17,100,16
855650,35,20,100,15
856541,41,21,100,21
856932,5,10,100,10
857742,30,5,100,10
858757,20,0,100,0
859036,29,20,100,20
859591,55,15,100,15
784435,40,15,100,15
868825,30,10,100,5
803403,19,8,100,8
864994,15,5,100,5
866423,15,0,100,5
890227,73,9,100,9
13943,10,0,100,0
2151,8,3,99,3
344930,0,0,100,5
890723,69,3,99,3
4499,75,10,100,10
5479,80,15,100,10
890880,80,14,99,14
6602,50,10,100,10
9172,20,5,100,10
329177,30,5,100,5
11088,85,10,100,10
13200,10,9,99,9
892475,40,0,100,0
287801,69,5,100,4
466255,40,10,100,10
18929,40,20,100,20
19445,10,5,100,4
19704,55,10,100,10
19720,85,10,100,10
20303,70,20,95,20
20745,10,0,100,0
14036,20,5,100,5
28614,70,40,100,45
890120,30,10,100,0
30104,20,10,100,10
31011,5,5,100,5
31887,85,15,100,10
35173,30,15,100,10
37257,60,20,100,20
37710,10,0,100,0
38032,54,15,100,15
39594,13,8,100,8
41416,70,25,100,30
43494,60,15,100,20
43753,25,10,100,10
45446,40,10,100,5
47260,9,4,99,4
48046,40,10,100,10
670413,20,0,100,0
48020,60,10,100,10
49476,35,10,100,10
49344,10,0,100,5
895016,37,7,100,6
50288,45,10,100,10
50679,20,0,95,5
53244,5,0,100,0
53376,40,10,100,5
54593,60,10,95,10
895407,52,2,99,3
54801,45,5,100,5
54933,40,10,100,10
55328,20,10,100,10
56367,7,3,99,3
57100,40,10,100,10
60658,50,10,100,10
60917,30,5,100,5
61956,20,0,100,0
63541,65,5,100,10
63649,30,10,100,10
63770,35,5,100,0
64424,30,0,100,0
66508,40,5,100,10
66540,80,5,100,5
356315,63,3,100,3
282227,40,10,100,10
67156,24,12,98,12
67547,10,0,100,0
68713,50,10,100,10
897485,40,15,100,20
71749,50,5,100,5
72745,80,10,100,10
128058,30,15,100,10
897744,59,18,100,18
890529,69,39,98,39
75990,45,35,100,35
80020,35,20,100,15
425826,30,5,100,10
88080,30,10,100,10
89486,69,18,100,19
899178,55,11,99,10
89770,50,5,100,5
90034,15,10,100,5
90298,20,0,100,0
952842,40,0,100,5
900087,40,16,100,16
899437,48,17,99,16
100048,35,30,100,40
101605,30,15,100,10
101737,50,10,100,10
101796,65,10,100,10
151262,55,20,100,20
102440,20,5,100,0
102580,80,10,100,15
105694,80,25,100,25
106151,30,10,100,10
106178,55,15,100,10
493104,25,0,95,0
106410,5,0,100,0
107190,50,35,100,35
107581,60,10,100,10
107328,50,15,100,10
901474,10,0,100,5
107808,10,0,100,0
107948,40,5,100,10
107972,32,5,100,5
84352,40,5,100,0
111740,50,10,100,10
111775,55,5,100,10
113174,20,0,100,0
902640,20,0,95,0
123056,40,0,100,0
123315,75,6,100,6
125008,43,12,99,12
125130,26,2,100,3
125393,0,5,100,5
125520,10,0,100,5
127680,84,34,100,33
127736,60,10,100,10
127884,70,40,100,35
411264,60,20,100,25
413470,30,10,100,10
133060,54,17,100,18
903469,40,3,100,3
133582,53,10,100,10
134627,40,25,100,25
134848,75,10,100,10
903590,63,15,100,16
135011,38,26,99,26
135534,50,15,100,15
135798,34,19,99,18
892483,40,0,100,0
138975,10,10,100,0
137030,45,10,100,10
137090,40,10,100,10
139041,45,5,95,5
139955,20,0,100,0
448052,15,0,100,0
140996,53,16,100,16
904112,56,8,100,8
141380,45,10,100,10
141410,45,10,95,10
141640,40,15,100,10
141771,66,13,100,12
142816,50,10,100,10
145548,25,0,100,0
146978,50,15,100,20
904635,54,36,100,36
14001,5,0,100,0
147605,55,10,100,5
937592,83,12,100,12
922706,35,5,100,10
149055,20,5,100,10
612634,41,16,100,16
151653,15,2,100,2
153214,30,5,100,0
153478,35,15,100,10
157635,10,0,95,0
157899,20,5,100,5
158020,8,1,100,1
906450,61,15,99,15
156132,10,0,90,10
906875,20,0,100,0
906840,45,10,99,10
907103,30,5,100,5
164399,25,10,100,10
164780,55,20,100,25
165824,30,10,100,10
167517,43,31,99,31
171026,55,10,100,15
171280,10,0,100,5
173363,50,20,100,20
173495,49,12,100,13
176796,50,5,100,10
177261,30,5,100,5
908665,56,23,100,23
954167,65,50,95,50
329134,25,5,100,0
126195,5,0,100,0
185680,75,20,100,30
186759,20,5,100,5
909572,37,10,100,9
909602,11,2,99,2
190780,30,5,100,10
361348,25,15,100,15
190918,40,15,100,15
191485,65,10,100,10
191957,15,5,100,10
193518,37,15,99,16
195073,40,20,100,20
195464,9,2,100,2
196371,60,30,100,30
196550,45,10,95,10
197319,70,40,100,40
198781,30,5,100,0
198846,25,5,100,5
910481,41,18,99,19
286850,33,17,99,18
201510,68,52,100,52
911070,40,0,100,0
203262,10,5,100,0
511195,92,29,100,30
207942,35,10,95,10
20486,10,0,100,5
210714,73,19,100,18
211060,50,20,100,20
211320,40,5,100,5
211451,25,5,95,10
211842,65,20,100,20
211974,45,10,95,10
912174,64,42,99,42
212750,30,5,100,10
212881,30,10,100,15
213144,30,10,100,10
912301,70,30,100,25
213403,40,5,95,5
213535,58,22,99,22
912360,78,30,100,31
216003,10,0,100,0
216402,75,11,100,11
216780,10,5,95,0
216917,5,5,100,5
217697,20,5,100,10
217824,65,5,100,10
220345,18,4,100,4
221597,60,5,100,5
529567,30,5,100,0
223158,30,5,100,5
225622,77,13,100,13
225886,55,10,100,10
229580,40,0,100,0
229652,40,10,100,10
943940,95,90,100,90
230820,86,29,100,29
232262,40,10,100,10
232904,15,0,100,5
233161,43,12,100,12
236675,30,10,100,10
551325,32,13,100,13
915688,28,2,99,2
245380,45,15,100,15
249807,40,0,100,0
237655,10,0,100,0
252271,30,10,100,10
252816,65,0,100,0
252832,80,10,100,10
253405,45,0,100,0
916463,30,5,100,5
255416,5,0,100,0
255467,35,5,100,10
255521,72,15,100,15
255785,40,0,100,0
255378,60,10,95,10
255947,70,10,95,10
256170,40,10,100,10
257214,10,10,100,5
258970,85,20,100,15
259551,29,3,100,3
261246,24,10,100,11
263010,20,5,100,0
263060,40,20,100,20
264695,0,0,100,0
266051,12,2,99,2
270504,70,10,100,10
270342,25,5,95,10
270474,6,1,100,1
917630,19,3,99,2
272280,54,8,100,7
270997,11,3,99,3
272426,65,10,100,10
274119,20,10,100,15
275158,10,0,95,0
918237,0,0,90,0
275280,70,20,100,20
277754,65,15,100,15
278165,70,5,100,10
278793,15,10,100,5
278920,65,23,99,23
279374,55,0,100,5
279706,60,15,100,10
284645,20,10,100,10
280917,20,0,100,0
280879,8,4,99,4
282049,20,10,100,5
918547,73,11,100,12
282693,47,27,97,28
283088,46,9,100,9
283371,60,20,100,20
283436,55,10,100,5
283479,18,5,100,5
283606,25,0,95,0
283738,20,5,100,5
493090,35,10,100,10
284203,39,11,100,11
906736,58,27,100,28
284904,21,12,99,12
285293,9,8,100,8
286060,32,9,100,9
286125,20,0,100,5
286206,50,5,100,5
589896,5,0,100,0
382068,5,0,100,0
288411,47,19,100,19
288543,20,5,100,10
536482,86,10,100,10
289817,45,15,100,10
291277,7,4,100,4
291927,10,10,100,5
294780,26,5,100,5
296473,10,5,100,5
300110,70,30,95,30
300373,64,13,100,13
920231,65,30,100,30
302589,53,17,100,17
920576,75,17,99,18
921092,33,14,99,14
305316,55,25,100,25
305570,9,3,99,3
305707,35,10,100,10
308048,20,5,100,5
310255,30,5,100,5
922056,15,3,100,3
922315,27,2,99,1
310905,17,9,100,9
311553,45,30,100,35
311812,30,0,100,0
922498,62,6,99,7
130850,44,3,100,3
312339,70,25,100,30
320919,60,10,100,10
308560,15,5,95,5
321699,70,20,100,20
324647,20,5,100,10
675326,40,0,100,0
326372,50,15,95,10
326500,75,10,100,15
364703,83,11,100,10
924520,8,1,99,1
331635,60,15,100,15
331830,50,10,100,10
335606,40,5,100,10
924695,40,0,100,0
933198,87,22,100,22
342190,30,10,100,10
925136,44,5,100,5
348511,65,10,100,10
346527,35,10,100,10
346659,45,15,100,10
349127,8,5,100,5
352632,66,33,100,34
354716,11,4,100,5
356662,40,10,100,5
360198,40,0,100,0
364690,50,30,95,30
364746,30,5,100,0
365793,90,10,100,10
365769,40,0,100,5
365890,44,9,100,9
927384,32,4,100,4
371351,15,5,100,10
373559,40,10,100,5
374733,4,2,100,2
336580,0,0,100,0
378577,50,40,100,45
433624,45,5,100,10
928810,73,35,99,35
384879,15,0,100,5
400734,45,5,100,10
400866,30,10,100,10
402940,27,6,99,6
403075,55,5,95,5
929468,64,14,100,14
403202,60,15,100,15
403237,55,15,100,20
407291,32,12,100,11
409570,55,35,100,35
930504,28,9,99,9
930768,17,3,99,3
411132,15,5,100,5
931020,71,19,99,18
411914,5,0,100,5
413305,45,15,95,10
413739,45,10,100,5
414387,81,22,100,22
932191,20,0,100,0
932116,10,0,100,5
415812,50,20,95,20
419710,50,40,100,35
421537,20,10,100,15
427772,0,5,100,5
429333,45,16,99,17
432326,0,5,95,5
432849,20,5,100,0
431656,50,10,100,10
433756,26,11,100,10
933759,49,8,99,8
434140,42,12,99,12
434400,40,25,100,20
435180,25,10,100,5
939480,20,0,100,10
437581,55,10,100,10
437522,55,10,100,5
439479,20,10,100,10
438014,75,10,100,10
441554,20,0,100,0
443697,50,20,100,20
445525,40,10,100,10
448575,75,20,95,20
448958,60,25,100,25
450138,20,0,100,0
451320,70,15,100,15
450332,29,12,99,13
452343,25,0,95,0
457809,35,10,100,10
461830,40,0,100,0
465739,50,12,100,12
467162,10,0,100,0
937266,55,4,99,5
467685,9,1,100,2
467812,60,30,100,30
474541,45,15,100,15
476390,17,4,100,4
479640,21,4,100,5
479900,76,22,99,22
287504,50,20,95,20
938173,22,1,99,1
485101,40,5,100,10
485756,30,10,100,10
939080,32,1,99,0
487872,55,10,100,10
488348,35,5,100,5
488488,62,23,100,23
489000,25,5,100,10
489522,5,5,100,5
490300,84,30,100,31
898910,12,1,99,2
490954,20,15,100,20
491349,35,0,100,0
491730,15,0,100,0
493120,25,10,100,10
493554,60,15,100,15
939609,40,4,100,4
493686,10,3,100,4
495506,49,25,99,26
949744,69,5,99,5
936669,20,0,100,0
497665,80,20,100,20
940445,60,40,100,35
501972,50,10,100,5
940623,20,0,100,0
940720,20,0,95,0
504866,25,10,100,10
504998,50,20,99,21
505250,30,5,100,0
13226,60,10,100,10
505587,40,10,90,10
506036,10,10,100,10
508110,50,10,100,10
509280,35,10,95,10
511102,10,0,100,5
511137,45,5,100,5
514314,70,15,100,15
941425,26,6,100,5
287300,35,0,100,0
515132,15,0,100,0
515272,65,5,95,0
515337,70,5,100,10
941948,62,8,100,9
941972,17,2,100,2
535311,75,20,100,20
942200,54,6,99,6
942367,50,0,100,0
517348,35,15,100,20
518840,61,8,100,8
960413,20,0,100,0
520110,10,0,100,0
528269,60,5,100,10
529176,35,10,100,10
528919,55,10,100,10
529958,10,5,100,0
531022,45,10,100,10
534374,50,0,100,0
535443,70,20,100,15
945250,68,21,100,22
536970,55,10,100,10
946192,10,0,100,0
946338,20,10,90,0
542040,5,5,100,5
543349,40,10,100,10
543470,5,5,95,0
544388,20,9,99,9
547875,75,35,100,30
586765,45,5,95,5
550647,60,5,100,10
609900,45,10,100,10
536393,80,15,100,10
551279,25,10,100,10
526890,0,0,100,0
947300,10,0,100,0
555169,35,15,95,10
947407,55,10,100,10
422237,64,3,100,3
552704,95,26,100,26
553093,35,10,100,15
556793,60,15,100,15
557200,55,10,100,10
557382,35,10,100,10
607827,45,7,100,7
562580,35,10,100,5
563234,25,10,100,10
949027,20,1,99,1
569135,89,24,100,24
569607,40,15,100,15
949353,64,7,99,7
574546,25,5,100,5
576239,45,20,100,20
579092,45,10,100,10
586374,40,10,100,10
587028,20,0,100,5
591050,40,10,100,10
593915,35,5,100,5
928852,20,0,100,0
595608,40,15,100,15
951560,37,11,100,11
596256,30,10,100,15
951749,58,6,99,7
596388,50,15,100,15
597554,39,11,99,10
597686,15,5,100,0
951951,29,7,99,7
602108,45,10,95,5
952605,51,11,100,11
602850,30,0,100,5
952818,48,14,100,13
603015,45,15,100,15
603406,30,0,100,5
952990,32,5,100,5
603929,50,15,100,20
605166,65,10,100,15
605611,5,5,100,10
607177,27,2,99,2
607304,20,10,100,10
607550,20,0,100,5
607568,22,2,99,2
679054,40,0,100,0
950130,50,15,100,15
609250,7,3,99,3
609510,40,10,100,10
609773,49,8,99,8
89516,40,15,100,10
613282,35,5,100,5
614882,42,8,99,8
615366,10,0,100,0
954039,59,13,99,14
616141,9,4,99,4
954160,65,6,100,7
616532,80,15,100,15
617210,65,30,100,30
954640,40,0,95,0
954683,53,4,100,4
954810,50,7,99,7
954942,65,50,95,50
624594,45,10,100,15
624756,30,5,100,5
625132,50,10,100,5
599135,30,0,100,0
186880,35,20,100,20
890170,8,1,99,2
10219,5,0,100,0
19577,0,0,100,0
55450,0,0,100,0
56758,0,0,100,0
895660,2,1,100,1
83798,0,0,100,0
99007,0,0,100,0
147524,0,0,100,0
154113,0,0,100,0
909700,0,0,100,0
194018,0,5,100,5
357707,0,0,100,0
227099,0,0,100,0
914380,5,0,100,0
228877,0,0,100,0
915297,5,0,100,0
917761,2,1,100,0
273597,0,0,100,0
918130,1,1,99,1
278211,0,5,100,0
240761,0,0,100,0
418013,0,0,100,0
374601,0,0,100,0
294004,0,0,100,0
417378,0,0,100,0
170240,5,0,100,0
307947,0,0,100,0
311685,2,1,100,0
922838,0,0,100,0
327280,0,0,100,0
329460,0,0,100,0
368946,0,0,99,0
382140,0,0,100,0
382191,0,0,100,0
435708,0,0,100,0
99520,0,0,100,0
575194,0,0,100,0
48305,0,0,100,0
68454,0,0,100,5
489425,0,0,100,0
503630,0,0,100,0
99783,0,0,100,0
575976,0,0,100,0
568694,0,0,100,0
590002,0,10,100,0
606138,0,0,100,0
620173,0,0,100,0
891630,0,0,100,0
557661,0,0,100,0
20389,0,0,100,0
892807,5,0,100,0
33990,0,0,100,0
253543,5,0,100,5
38598,0,0,100,0
247005,15,0,100,0
896578,10,0,100,1
73911,0,0,100,0
76643,0,0,100,0
898520,6,1,100,1
559939,0,0,100,0
90107,0,0,100,0
94846,0,0,95,0
262508,0,0,95,0
897876,0,0,100,0
106283,0,0,100,0
517488,0,0,95,0
120324,0,5,100,0
902810,18,2,99,2
477957,20,0,95,5
149209,0,0,100,0
170631,0,0,100,0
157376,10,0,100,0
331317,0,0,100,0
269852,0,0,95,0
911526,0,0,100,0
218111,0,0,100,0
913219,10,5,90,5
174498,10,0,100,0
278149,0,0,100,0
288934,2,0,100,0
303429,10,0,90,5
314153,0,0,100,5
319740,0,0,100,0
320498,0,0,100,0
325538,0,0,100,0
334901,0,0,100,0
349259,10,0,95,0
349623,0,0,100,0
356417,0,0,100,0
361992,0,5,100,5
483672,0,0,100,0
374474,0,0,100,0
13617,5,5,100,5
382825,5,0,100,0
929590,0,5,100,5
153822,0,0,100,0
177911,0,0,100,0
929859,4,1,100,0
35240,0,0,100,0
47180,0,0,100,0
430110,0,0,100,0
431303,0,0,100,0
101112,5,0,100,0
935050,3,0,100,0
26727,0,0,100,0
452297,20,5,90,0
468428,0,0,100,0
938300,0,0,100,0
26666,0,0,100,0
483834,0,0,100,0
935425,5,0,95,0
621684,5,0,100,0
488542,10,0,100,0
492957,0,0,100,0
28851,0,0,100,0
937673,10,0,100,0
494666,0,0,100,0
494070,5,0,95,0
918415,0,0,100,0
517732,0,0,100,0
942596,6,0,99,0
524654,0,0,100,0
129038,0,0,100,0
167126,0,0,100,0
942987,0,0,95,0
386470,0,0,100,0
540056,15,0,100,0
944670,25,0,100,0
544582,0,0,100,0
945072,5,0,97,1
91610,5,0,100,0
946648,0,0,100,0
463655,0,5,100,0
536849,5,0,100,0
550795,0,0,100,0
472181,0,0,100,0
948314,8,1,99,0
557250,0,0,100,0
615129,0,0,100,5
949094,30,0,80,5
578444,20,0,100,0
56103,0,5,100,0
601977,0,0,95,0
609285,0,0,95,0
613150,0,0,100,0
461059,0,0,100,0
438170,0,0,100,0
24252,5,0,100,0
57380,20,0,100,0
185191,5,0,100,0
899283,26,2,99,3
90247,0,0,100,0
93696,10,5,100,10
900214,3,1,100,1
99139,65,5,100,0
909831,2,1,99,0
902462,0,0,100,0
418790,5,5,100,0
953571,30,10,100,10
148539,0,0,100,0
947245,10,0,100,0
208310,0,0,100,0
61228,20,0,95,0
158764,5,0,100,0
506264,5,0,100,0
296082,4,1,100,1
166472,5,0,100,0
178969,0,0,100,0
184411,0,0,100,0
909050,0,0,100,0
185582,0,0,100,0
199699,10,5,95,5
208620,15,0,100,0
96502,5,0,100,0
226793,0,0,100,0
914770,29,1,99,2
223735,0,5,100,0
418765,5,1,100,1
282324,1,0,100,0
281522,0,5,100,0
282316,20,10,95,10
209635,0,0,100,0
918679,17,5,99,4
477416,5,0,100,0
284254,7,1,98,2
286729,10,5,100,0
586866,13,2,100,2
289060,10,0,100,0
145882,10,5,100,0
311316,0,0,100,0
371483,0,0,100,0
366668,0,5,100,5
368644,36,4,100,3
369535,5,0,100,0
368822,2,2,100,2
931284,12,2,100,1
932450,6,2,99,1
428817,5,5,100,0
431150,15,0,95,5
432458,5,0,100,0
434639,0,0,100,0
450006,5,0,100,0
452491,2,1,100,1
457159,3,3,100,3
457930,0,5,100,5
458384,20,10,100,10
271678,20,10,100,10
488879,0,0,100,0
185329,0,0,100,0
497193,0,0,100,0
460796,24,5,100,5
477283,5,0,100,0
548618,45,5,100,5
460015,0,0,100,0
576107,0,5,100,0
577014,0,0,100,0
590665,13,4,100,4
953555,5,0,100,0
381646,35,7,100,7
947253,3,0,100,0
603244,20,5,100,10
363687,20,5,100,0
609552,30,15,100,10
690767,25,0,100,0
693693,20,5,100,5
697460,5,0,100,0
716790,5,0,100,0
718920,10,0,100,5
720208,5,1,100,1
724602,17,6,100,6
732320,13,2,100,2
732338,15,10,100,10
743186,5,0,100,0
744700,35,10,95,10
746304,15,10,100,10
753009,23,5,100,6
829936,11,1,100,1
764450,15,5,100,5
765678,25,20,100,20
766844,50,30,100,25
770876,15,10,100,5
771007,11,9,100,9
765694,0,0,100,0
776726,18,3,100,3
777501,30,20,100,15
866296,5,0,100,0
780650,5,0,100,0
866555,5,0,100,0
785695,20,5,100,10
786217,19,4,100,4
786772,20,0,100,0
788694,10,0,100,0
831724,10,0,100,0
795445,0,0,100,0
801682,59,35,100,34
814687,10,5,95,0
690023,13,4,100,3
820512,10,0,100,0
821330,15,0,100,5
823317,15,0,100,0
832103,34,11,99,10
832375,10,5,100,5
834440,10,5,100,0
836303,25,5,100,5
841331,25,10,100,5
845108,10,0,100,0
851213,10,10,100,10
851736,0,0,100,0
856592,15,10,100,15
858013,9,1,100,1
733121,10,5,100,0
1058,45,20,100,20
671,60,15,100,20
13900,35,15,100,15
28541,30,0,100,0
29459,0,0,100,0
34363,3,0,100,0
50512,5,0,100,0
895458,16,1,100,2
588849,16,1,100,0
61697,15,5,100,5
34355,26,5,100,5
898090,43,3,100,3
89451,3,0,100,0
89699,40,15,100,15
90166,10,5,100,5
90220,30,5,100,5
91332,10,5,100,5
100170,10,5,100,0
634232,38,5,100,5
108693,27,2,100,2
620432,0,0,100,0
124354,10,5,100,0
125555,30,10,100,10
126179,30,10,100,10
127876,30,10,100,10
588970,25,0,100,0
144266,5,0,100,0
907499,37,20,100,20
134618,30,8,100,8
170682,20,5,100,5
171417,15,5,100,5
908142,24,0,100,0
181030,32,14,100,14
199389,55,0,100,0
201421,4,3,100,3
910350,40,19,100,19
201448,30,15,100,10
203394,23,9,100,9
911399,28,7,99,8
217891,20,0,100,0
913340,17,1,100,0
914070,22,2,100,2
226920,10,5,100,0
384097,5,0,100,0
609422,40,9,100,9
95230,8,1,100,0
255653,5,0,100,0
257605,10,0,100,0
266183,30,15,100,20
917931,29,3,100,3
279595,25,10,100,10
486336,24,4,100,3
918555,11,1,100,1
339451,49,10,100,10
471541,27,5,100,5
285536,15,5,100,0
283860,0,0,100,0
288241,40,20,100,20
294390,20,10,100,15
920495,17,2,99,2
303003,30,5,100,5
308463,42,11,100,12
309320,35,5,100,10
311731,26,6,100,6
588326,20,5,100,0
313246,20,10,100,10
314331,75,0,100,0
327930,30,10,100,10
589101,25,5,100,10
331708,40,5,100,5
338079,20,5,100,10
345997,25,10,100,5
356425,10,10,100,10
83559,25,5,100,5
109487,16,3,100,3
382620,25,0,100,5
610429,5,0,100,0
383422,10,5,100,0
433799,5,5,100,0
436267,30,10,100,10
445878,20,5,100,10
936480,17,1,99,1
95753,10,0,100,0
460273,10,5,100,5
461962,20,10,100,10
466646,40,5,100,5
486140,0,0,100,0
488747,45,20,100,20
495891,34,6,100,6
496685,30,5,100,0
497738,34,6,100,6
497800,20,5,100,5
509159,10,5,100,5
533718,24,6,100,6
379959,4,0,100,0
942006,36,3,100,4
518905,15,5,100,0
524751,20,20,100,15
943894,4,1,99,0
528781,10,0,95,0
621609,5,0,100,5
534242,20,0,100,0
536717,12,1,100,0
540099,30,20,100,20
543730,35,15,100,15
547506,5,2,100,1
561070,25,10,100,10
118524,47,11,100,12
606189,42,8,99,9
950912,45,16,100,17
951048,3,0,100,0
591955,23,1,100,2
595098,26,4,100,4
602230,41,22,100,21
602906,20,5,100,5
616257,20,0,100,5
278280,41,8,99,8
612502,49,23,99,23
615889,45,20,100,20
618810,20,0,100,5
689661,5,3,100,4
718610,0,5,100,0
704334,5,1,100,1
730777,10,0,100,0
745529,26,15,99,16
708704,5,0,100,0
756059,10,10,100,10
792080,15,0,100,0
739395,6,1,100,1
798690,6,2,100,1
858892,5,0,100,0
803189,5,0,100,0
801550,5,0,100,5
801429,0,0,100,0
808318,0,5,100,5
808830,35,30,100,25
825476,0,0,100,0
825344,0,0,100,0
833690,10,10,100,10
837210,20,5,100,10
841200,10,0,100,5
868000,30,20,100,20
688363,36,4,100,4
801101,25,10,100,15
694452,11,2,100,1
848914,20,10,100,10
700088,76,47,99,48
697168,15,0,100,5
689622,10,5,100,0
706523,12,2,100,2
711454,35,10,100,15
704245,9,3,99,3
717835,0,0,100,0
715824,20,1,100,2
721735,70,50,95,45
725510,30,5,100,10
737984,30,10,100,10
747343,29,3,100,4
747700,20,10,100,10
690910,0,0,100,0
757616,5,0,100,0
769576,35,25,95,20
771392,20,5,100,0
771520,7,0,99,0
772950,0,0,100,0
783692,15,5,100,0
793361,10,5,100,0
799475,30,10,100,15
781533,20,5,100,6
803243,5,0,100,1
802859,10,0,100,0
803790,0,0,100,0
806188,5,0,100,0
736163,24,2,99,2
819492,15,5,100,5
825964,0,0,100,0
844160,5,0,100,0
847704,8,1,100,2
849910,10,10,100,10
778931,17,10,99,9
864170,4,0,99,0
859095,5,1,100,1
839397,20,5,100,5
718018,35,20,95,20
859575,0,0,100,0
866008,25,5,100,10
686263,30,0,100,0
689777,40,15,100,10
874361,20,2,100,2
693820,25,8,100,8
728632,20,1,100,1
696919,50,3,99,3
705470,25,5,100,0
703672,5,5,100,5
849901,12,0,100,0
856052,18,4,100,3
706540,20,0,100,5
710024,10,0,100,5
706809,49,7,100,7
708062,10,0,100,0
688745,13,3,100,3
720488,14,1,100,1
716995,13,0,100,0
756440,6,1,100,0
718432,20,5,100,5
721530,10,5,100,5
726206,10,5,100,5
737690,10,0,100,0
741752,30,15,100,10
874888,45,15,100,15
744026,8,0,99,0
741744,10,0,100,0
744484,10,0,100,5
742236,10,0,100,0
741710,10,0,100,0
748528,10,0,100,0
748536,5,5,100,0
732281,15,0,100,0
766636,20,0,100,5
749966,5,0,100,0
756709,28,7,100,7
753161,38,6,100,6
822728,10,0,100,0
762016,20,5,100,5
765201,30,5,100,5
874396,10,0,100,0
769606,5,0,100,0
774049,20,10,100,5
773689,30,0,100,0
765708,38,2,100,3
777161,55,10,100,10
773832,5,0,100,0
836324,11,0,100,1
703966,5,0,100,0
691356,21,1,99,1
781460,15,5,95,5
854147,26,2,100,2
783137,40,10,100,10
784303,5,0,100,0
783927,5,0,100,0
786020,15,0,95,0
788082,30,0,95,0
788112,28,6,99,6
789003,18,2,99,2
789488,18,3,100,3
792306,35,5,100,10
793809,5,5,100,0
795887,5,0,100,0
798495,20,0,100,0
799912,21,1,99,1
774824,12,1,100,1
801259,22,8,99,8
761079,15,0,100,0
727300,10,0,100,5
750581,40,10,100,10
724220,35,10,100,10
806366,20,0,100,0
809381,22,8,100,8
809489,30,15,95,15
815411,30,10,100,10
785572,17,2,100,3
816450,53,4,100,4
725161,15,0,100,0
821969,10,0,95,5
757573,30,0,100,5
823430,5,0,100,0
830437,7,0,100,0
827169,20,5,100,5
728752,16,2,100,2
832383,20,0,100,5
811780,12,1,99,0
835048,35,10,100,10
736888,16,0,99,0
835498,40,10,100,10
836273,20,0,100,0
795471,10,3,99,2
837431,30,5,100,5
838314,5,0,100,0
843067,20,5,100,5
845531,20,10,100,10
814080,10,0,100,0
848832,30,20,100,20
849626,62,6,100,6
851167,10,0,100,5
852546,32,1,100,1
864080,5,0,100,0
737242,12,2,100,2
3913,51,1,99,2
14176,91,7,100,8
904040,55,9,100,8
68710,46,5,100,6
112387,38,7,100,7
663,86,8,100,9
20702,30,5,100,10
26530,55,10,100,10
28231,50,8,100,9
28282,25,10,100,5
892998,24,3,100,2
54623,47,6,100,7
30694,15,0,100,0
570115,42,1,100,2
36447,42,10,100,10
36455,50,10,100,5
36471,50,10,100,10
33561,57,12,99,12
893978,64,11,100,12
120199,86,11,99,11
47910,53,1,100,1
557674,48,2,100,3
939585,9,1,99,0
890202,40,2,99,2
50199,5,0,100,0
616722,54,3,100,3
55131,50,11,100,12
55395,46,7,99,7
418445,56,8,100,8
56405,70,5,100,0
34347,50,10,100,10
933346,64,5,100,5
71870,55,10,100,15
211434,34,7,100,6
86517,69,14,100,14
90050,92,6,100,7
74527,67,9,100,9
101990,61,12,100,13
115541,70,10,100,10
111430,29,5,99,6
77011,65,10,100,15
122858,81,7,100,6
123609,46,8,100,8
128511,65,25,100,26
128457,20,0,100,0
246078,68,4,100,4
236411,5,0,100,5
136875,20,0,100,5
139343,30,10,100,10
140783,82,11,100,11
72086,67,7,100,7
136883,73,18,100,17
905020,41,4,99,4
904970,27,5,99,5
563982,47,7,100,8
619132,70,30,100,30
156019,30,0,100,0
270680,40,1,99,1
281909,85,10,100,5
908819,13,1,100,2
192937,5,0,100,0
201545,60,10,95,10
54640,70,5,100,5
204170,29,4,99,5
201776,68,5,100,6
213730,50,5,100,10
213772,27,2,100,1
217220,30,0,100,0
213861,50,5,100,5
442954,60,5,100,10
217972,63,8,100,8
237086,75,10,95,10
184305,30,2,100,2
23016,31,4,100,5
252794,60,10,100,10
254078,42,7,100,6
255971,88,10,100,9
256005,25,5,100,5
234460,15,5,100,5
917893,9,1,100,1
280224,30,10,100,10
281913,55,10,100,10
282545,10,0,100,0
13719,77,6,99,6
364741,51,5,100,6
283118,60,10,100,10
286079,60,10,100,10
281581,56,1,99,1
919233,4,0,100,0
291080,10,0,100,0
89442,41,7,100,7
291145,20,0,100,0
297615,25,0,100,0
919586,28,5,100,5
302457,20,0,100,5
290254,13,1,100,1
303860,45,12,100,12
304220,0,0,100,0
921661,60,10,99,10
400308,45,3,100,3
307866,25,1,99,1
313599,61,5,100,5
16874,58,8,100,9
382809,40,5,100,5
323195,56,3,100,3
491629,55,7,100,8
361879,58,13,100,13
597201,58,8,100,8
951714,67,11,100,10
234850,25,0,100,0
924911,30,2,100,1
342394,90,5,100,10
924849,53,6,99,6
326712,24,1,100,1
356263,20,5,100,5
364010,50,8,100,9
240701,60,10,100,10
926140,83,5,100,5
926817,82,5,100,6
365190,75,5,95,0
185604,57,12,100,12
372463,0,0,100,0
375896,10,0,100,0
456316,71,5,100,5
565973,36,7,100,8
928682,21,3,100,3
400645,20,0,100,0
406139,30,4,100,5
413348,50,25,100,20
413658,37,7,100,8
16796,42,4,100,4
234591,10,0,100,0
431354,86,9,100,9
435546,55,10,100,10
548103,49,6,100,7
205611,45,3,100,3
894672,61,7,99,7
444286,35,10,100,10
448966,30,10,100,10
450073,37,1,99,1
453900,20,10,100,5
235245,10,0,100,0
472174,10,5,100,0
472727,50,10,100,10
494607,86,7,100,8
479063,69,20,100,21
501188,73,11,100,12
479454,15,5,100,0
479772,30,10,100,10
964809,52,9,100,8
938106,60,9,100,9
483176,73,14,100,16
257447,60,5,100,5
52254,10,0,100,0
489310,20,5,100,5
3104,47,1,100,1
491144,45,15,100,15
491470,50,20,100,20
491993,65,30,100,30
493422,65,10,100,10
413133,47,0,99,0
298298,5,0,100,0
235113,10,5,95,5
514292,56,18,100,18
511080,70,15,99,15
422035,60,5,100,10
134959,47,0,99,0
942340,28,4,100,4
516821,65,10,100,10
945508,52,5,99,5
537659,75,12,100,13
538736,39,6,100,6
538833,40,10,100,0
945455,28,1,100,1
539961,10,5,100,5
519030,0,5,100,0
946362,0,0,100,0
544256,10,0,100,0
298904,40,5,100,5
318387,90,25,100,20
552836,50,15,100,10
947792,65,17,100,17
548712,29,6,100,7
947814,46,5,100,6
898285,54,5,100,4
561100,68,14,100,13
949140,61,8,99,8
566500,87,9,100,10
340936,30,10,100,10
949230,48,3,99,2
570419,65,0,100,5
570460,46,1,99,1
462820,55,10,100,10
579246,5,0,100,0
586501,65,25,100,20
28304,35,10,100,10
308026,34,3,100,2
595500,60,10,100,10
952516,30,2,100,2
604674,20,0,100,0
608017,91,6,99,6
607274,15,0,100,5
340898,59,15,100,15
610593,40,10,100,5
614700,40,5,100,5
634565,42,2,98,3
549380,73,11,100,13
954292,56,7,100,7
617318,60,10,100,10
618896,45,0,100,0
624101,50,5,100,0
