school,academicmathachieve,academicmathchange,appliedmathachieve,appliedmathchange,ossltpass,ossltchange
891347,0.69,-20,0.35,-10.0,0.71,5
908010,0.67,-13,0.43,14.0,0.61,-14
920533,0.85,2,0.47,-16.0,0.68,-6
926086,0.29,-65,0.5,,0.57,1
958050,0.8,4,0.33,7.0,0.72,4
895270,0.69,-10,0.28,-19.0,0.57,-5
953148,0.75,0,0.14,-28.0,0.58,6
715298,0.78,-1,0.49,9.0,0.77,-4
835099,0.76,4,0.42,4.0,0.86,-5
752932,0.94,7,0.67,7.0,0.87,-1
841358,0.84,-4,0.42,-12.0,0.83,4
851752,0.65,-13,0.1,-23.0,0.65,-11
899569,0.81,8,0.56,21.0,0.56,-18
953776,0.69,10,0.61,13.0,0.75,8
913600,0.75,8,0.67,41.0,0.81,4
923095,0.88,0,0.52,-11.0,0.77,3
927120,0.97,9,0.7,44.0,0.94,9
943118,0.86,1,0.59,5.0,0.64,-21
944807,0.95,16,0.7,20.0,0.72,1
945587,0.96,2,0.57,-3.0,0.81,-8
945714,0.93,3,0.55,-7.0,0.74,8
896969,1.0,20,,,0.46,-21
925438,0.62,-18,0.29,-38.0,0.8,-7
914444,0.72,16,0.32,-6.0,0.67,-11
915556,0.82,-5,0.51,3.0,0.74,-8
919454,0.66,-7,0.32,11.0,0.7,-2
951692,0.87,-7,0.62,8.0,0.91,17
953253,1.0,0,0.39,-4.0,0.81,12
940127,0.94,9,0.51,-32.0,0.91,4
950262,0.8,20,0.39,9.0,0.7,-10
688088,0.85,0,0.6,12.0,0.79,0
720232,0.85,-1,0.59,9.0,0.83,-5
751898,0.74,1,0.48,-8.0,0.86,3
759430,0.87,10,0.29,-18.0,0.8,-3
776599,0.77,-4,0.33,1.0,0.63,-5
715190,0.95,3,0.52,6.0,0.81,10
736457,0.8,3,0.54,21.0,0.78,-6
751502,0.56,-26,0.41,-17.0,0.58,-33
804800,0.81,-2,0.3,-22.0,0.81,-7
806277,0.91,8,0.26,-16.0,0.85,8
824593,0.91,11,0.42,-2.0,0.9,-1
832480,0.87,-6,0.55,-14.0,0.91,-9
733067,0.92,-4,0.83,3.0,0.91,6
918997,0.94,7,,,1.0,3
907553,0.92,-8,,,0.8,-20
910554,0.98,32,0.69,,0.89,-11
914723,0.96,2,0.55,,0.96,3
907308,0.82,-2,,,0.83,4
907642,0.89,3,0.53,-15.0,0.92,-5
934852,0.82,15,,,0.72,-17
896889,0.88,11,,,0.89,-11
925326,0.85,2,,,0.86,-14
901037,0.89,-2,0.7,25.0,0.81,-11
952803,0.91,6,,,0.92,5
961008,1.0,9,0.75,,0.88,-12
907588,0.98,27,0.54,16.0,0.91,4
683922,0.91,14,0.67,25.0,0.86,-3
733458,0.97,1,,,0.91,3
740390,0.76,-4,0.25,-33.0,0.89,-1
751073,0.88,4,0.5,,0.94,-3
705357,0.94,-3,0.64,19.0,0.93,-1
706477,1.0,12,0.83,12.0,0.94,0
691950,1.0,7,,,0.98,3
782017,0.85,2,0.38,7.0,0.88,-5
790001,0.88,5,0.35,-8.0,0.94,-1
865368,0.95,2,,,0.94,-1
907448,0.79,21,0.31,,0.79,-1
907570,0.79,12,0.32,3.0,0.9,5
685011,0.97,16,0.52,35.0,0.82,-2
710660,0.9,2,0.41,5.0,0.82,-6
704920,0.92,2,0.65,17.0,0.98,1
728330,0.9,-3,0.31,-16.0,0.95,0
725684,0.88,-2,0.21,-13.0,0.83,-10
752908,0.9,6,,,0.81,-11
695050,0.93,11,0.75,41.0,0.86,-4
752720,0.93,14,0.46,-4.0,0.9,-10
713740,0.66,4,0.34,17.0,0.9,-1
701718,0.79,1,,,0.94,1
724157,0.81,-14,,,0.78,3
698725,0.85,-12,0.54,0.0,0.83,-9
711110,1.0,9,0.87,9.0,0.89,-4
822507,0.96,0,0.67,9.0,0.81,-6
864650,0.94,14,0.46,14.0,0.79,-11
855949,1.0,0,,,0.94,-6
705314,0.94,4,0.55,-6.0,0.92,-5
694827,0.97,12,0.32,1.0,0.87,-5
695955,0.89,7,0.66,37.0,0.9,-1
705233,0.89,2,0.47,2.0,0.86,-6
710903,0.98,6,0.81,35.0,0.94,-1
696021,0.92,1,0.8,-3.0,1.0,2
750085,0.93,-7,,,0.92,-8
846435,0.93,5,0.44,23.0,0.95,3
758231,0.98,9,0.78,23.0,0.96,-3
832670,0.93,10,0.54,22.0,0.94,3
698989,0.56,-15,0.44,30.0,0.9,1
696048,0.77,-12,0.67,-21.0,0.73,-12
705004,0.92,54,,,0.67,-33
771473,0.93,13,0.35,0.0,0.8,-4
705110,0.86,21,0.38,-12.0,0.75,-14
704717,0.92,10,0.18,-14.0,0.97,2
728772,0.85,6,0.21,-11.0,0.84,-6
708500,0.96,3,0.36,,0.92,0
705438,0.67,28,,,0.68,-7
791601,0.8,-12,,,0.96,14
707015,0.69,-2,0.29,-13.0,0.83,0
907430,0.86,-12,0.2,-50.0,0.96,-2
912662,0.92,-1,0.75,-7.0,0.92,-4
907464,0.83,-17,,,0.79,-7
949540,0.91,-7,0.88,35.0,0.97,-3
904945,0.97,4,0.48,-13.0,0.96,2
901539,0.8,-12,,,1.0,0
930144,1.0,9,,,0.94,-6
907421,0.98,13,0.96,73.0,0.87,1
890200,0.87,1,0.74,5.0,0.84,-4
894109,0.86,12,0.62,16.0,0.83,15
935455,0.72,1,,,0.89,16
906328,0.8,-12,0.73,-13.0,0.8,-10
906972,0.77,27,0.67,23.0,0.64,-16
907677,0.93,9,0.5,-9.0,0.92,-1
914010,0.87,13,0.75,-7.0,0.84,4
914517,0.93,7,0.57,18.0,0.85,-5
921750,0.92,1,0.44,-20.0,0.82,1
935700,0.89,19,0.47,-7.0,0.61,-13
942464,0.82,9,0.53,33.0,0.87,-3
944157,0.82,-9,0.38,2.0,0.52,-33
945064,0.54,-26,0.67,20.0,0.75,-23
948055,0.77,7,0.48,12.0,0.73,-10
947180,0.88,1,0.56,-12.0,0.75,-14
952214,0.97,24,0.53,0.0,0.84,-11
902292,0.36,9,0.15,15.0,0.42,-12
908924,1.0,38,0.54,,0.73,13
918288,0.35,-38,0.1,-5.0,0.57,-7
919063,0.59,3,,,0.53,-28
920363,0.86,9,0.58,22.0,0.55,-20
943509,0.59,-10,0.24,-32.0,0.65,-6
946940,0.91,9,0.25,-21.0,0.78,3
948578,0.79,26,0.56,21.0,0.63,4
687308,0.86,-7,0.25,-9.0,0.76,6
749813,0.91,0,0.56,-12.0,0.86,3
850888,0.9,2,0.34,-16.0,0.76,1
706957,0.8,-3,0.35,-3.0,0.81,3
718114,0.93,4,0.62,3.0,0.94,8
722790,0.89,7,0.54,0.0,0.87,2
724564,0.93,1,0.49,-4.0,0.82,3
798118,0.78,-10,0.23,-14.0,0.85,5
690694,0.86,-2,0.37,-5.0,0.84,1
742333,0.89,-3,0.5,-5.0,0.89,0
751430,0.9,1,0.48,7.0,0.86,-1
753211,0.8,-4,0.51,-6.0,0.79,-5
767255,0.96,4,0.46,-7.0,0.9,-3
775606,0.9,6,0.4,-9.0,0.74,1
788511,0.82,-10,0.59,3.0,0.87,9
792594,0.93,3,0.38,-5.0,0.9,5
806919,0.93,3,0.55,14.0,0.83,2
821381,0.95,-1,0.69,-6.0,0.88,-4
822655,0.78,-2,0.63,-2.0,0.81,2
823953,0.78,-11,0.46,-2.0,0.78,-3
841730,0.83,-9,0.5,12.0,0.79,-7
854530,0.82,6,0.52,-5.0,0.75,4
696056,0.86,4,0.49,16.0,0.84,-2
864570,0.92,2,0.57,14.0,0.79,-1
784979,0.9,-4,0.54,-10.0,0.87,9
685984,0.81,-1,0.6,22.0,0.91,11
703923,0.8,-1,0.39,-7.0,0.87,12
710083,0.9,4,0.56,-8.0,0.87,4
735060,0.8,-3,0.5,11.0,0.53,-19
741310,0.7,4,0.28,13.0,0.7,-11
738050,0.88,7,0.39,1.0,0.8,0
826278,0.77,0,0.28,-9.0,0.84,2
890855,0.74,4,0.32,-3.0,0.75,0
892025,0.8,-8,0.29,-8.0,0.87,9
896446,0.91,31,0.44,11.0,0.61,-18
934991,0.91,6,0.41,-10.0,0.85,-4
904392,0.89,1,0.72,0.0,0.88,3
905674,0.85,3,0.49,12.0,0.87,7
906565,0.58,-16,0.28,-22.0,0.75,3
911291,0.88,-12,0.59,13.0,0.38,-24
916331,0.84,-4,0.86,4.0,0.83,5
918423,0.82,-6,0.29,-24.0,0.85,7
932345,0.9,-2,0.66,-5.0,0.82,2
932329,0.88,10,0.54,6.0,0.86,3
935310,0.83,1,0.35,-17.0,0.91,8
935360,0.68,-5,0.24,-5.0,0.77,5
936227,0.82,-1,0.44,-23.0,0.71,-9
937525,0.87,-2,0.58,-4.0,0.8,-3
941603,0.9,4,0.45,-17.0,0.79,-1
948969,0.9,4,0.74,-11.0,0.89,2
896187,0.84,7,0.38,2.0,0.72,-7
899046,0.84,4,0.3,-14.0,0.63,-16
903728,0.97,12,0.44,-1.0,0.57,-13
906069,0.59,-23,0.34,-16.0,0.67,7
915033,0.77,-12,0.91,60.0,0.56,-17
898007,0.75,6,0.34,-11.0,0.68,-1
930245,0.82,-11,0.73,6.0,0.72,1
933490,0.8,0,0.59,5.0,0.72,-1
934402,0.81,11,0.36,-5.0,0.46,-9
941557,0.89,3,0.57,0.0,0.67,-3
949035,0.74,9,0.71,23.0,0.47,-13
950785,0.28,-30,0.46,8.0,0.64,-7
929727,0.97,5,0.82,10.0,0.76,4
909440,0.82,-12,0.47,-4.0,0.84,12
911780,0.92,-3,0.67,-4.0,0.81,-1
917249,0.78,13,0.45,9.0,0.64,-2
920100,0.75,-12,0.57,-1.0,0.81,-6
922188,0.9,-9,0.68,10.0,0.66,-11
939218,0.83,9,0.4,8.0,0.75,0
939765,0.91,10,0.58,2.0,0.91,2
902299,0.95,6,0.57,17.0,0.9,-2
949612,0.93,2,0.32,-9.0,0.84,-6
950009,0.78,7,0.67,18.0,0.62,-10
950394,0.86,2,0.59,28.0,0.81,2
918806,0.78,-8,0.26,-4.0,0.39,-2
688231,0.82,-2,0.41,3.0,0.87,-2
689726,0.9,-3,0.41,-21.0,0.86,0
697125,0.93,6,0.63,-3.0,0.81,-6
761182,0.94,7,0.39,-24.0,0.88,2
704300,0.89,13,0.32,-20.0,0.86,1
738271,0.9,14,0.57,24.0,0.82,-6
696392,0.8,-9,0.28,-42.0,0.85,0
798010,0.91,8,0.57,2.0,0.91,0
854212,0.83,1,0.33,-19.0,0.83,0
913715,0.97,0,,,0.93,1
890332,0.86,-1,0.41,-16.0,0.8,2
890987,0.86,2,0.77,10.0,0.78,-8
897353,0.87,8,0.59,35.0,0.78,-5
967740,0.93,-1,0.64,7.0,0.75,-5
893675,0.85,-5,0.57,2.0,0.87,0
901439,0.95,3,0.51,1.0,0.93,0
912433,0.85,-8,0.43,-2.0,0.8,-2
918300,0.97,0,0.53,5.0,0.94,1
924393,0.81,6,0.52,2.0,0.76,-1
926736,0.86,-3,0.57,-2.0,0.91,4
928160,0.93,-4,0.5,8.0,0.85,-5
932060,0.93,-2,0.62,,0.92,-2
937665,0.94,3,0.74,38.0,0.72,5
947539,0.91,-5,0.52,-23.0,0.83,-4
953121,0.95,0,0.41,-12.0,0.92,1
689750,0.76,0,0.41,3.0,0.82,-1
689386,0.96,8,0.63,4.0,0.82,-3
695343,0.67,-11,0.17,-8.0,0.68,10
800430,0.75,-9,0.38,-12.0,0.78,3
694134,0.83,-6,0.59,3.0,0.74,-11
827401,0.87,1,0.34,-25.0,0.81,-5
855685,0.73,-6,0.27,-3.0,0.82,3
891894,0.89,2,0.54,11.0,0.83,-4
916579,0.85,0,0.46,-4.0,0.79,-1
913081,0.73,-4,0.38,3.0,0.67,3
893455,0.72,-3,0.35,6.0,0.45,-8
932507,0.89,-1,0.5,-15.0,0.87,7
939730,0.83,-3,0.47,5.0,0.81,8
941328,0.86,15,0.47,12.0,0.64,-2
941719,0.76,-1,0.43,2.0,0.6,-4
942448,0.67,16,0.34,18.0,0.49,-11
950653,0.81,-5,0.41,-4.0,0.81,-2
951820,0.84,5,0.41,-5.0,0.84,-2
952478,0.82,-5,0.52,4.0,0.88,-1
893803,0.76,-7,0.5,-3.0,0.81,0
899275,0.86,11,0.48,15.0,0.58,-18
900478,0.81,-3,0.61,11.0,0.69,17
927252,0.85,10,0.33,0.0,0.6,-2
929980,0.66,-2,0.22,-14.0,0.8,23
936618,0.73,-1,0.33,-3.0,0.63,-6
948705,0.59,-9,0.35,-13.0,0.58,-6
771686,0.75,4,0.53,-5.0,0.67,-17
832545,0.83,4,0.64,20.0,0.79,-3
776076,0.68,-1,0.4,12.0,0.8,8
918598,0.67,37,0.3,26.0,0.69,63
890464,0.76,1,0.48,10.0,0.84,14
895539,0.95,9,0.54,-4.0,0.73,-4
898260,0.9,17,0.52,-9.0,0.72,-3
901687,0.79,0,0.26,-27.0,0.76,7
901512,0.88,-1,0.33,-29.0,0.87,3
967836,0.78,7,0.53,9.0,0.88,10
903078,0.91,5,0.69,-1.0,0.76,-5
903337,0.91,-2,0.44,-5.0,0.66,-8
906719,0.74,-14,0.55,-4.0,0.68,-3
919195,0.98,14,0.48,-7.0,0.73,11
931543,0.68,2,0.5,8.0,0.6,-10
936090,0.62,-20,0.53,3.0,0.69,9
947563,0.82,8,0.56,16.0,0.74,2
894230,0.6,-21,0.47,-3.0,0.62,-5
905283,0.94,21,0.62,23.0,0.59,-6
937789,0.45,-32,,,0.58,-14
936871,0.55,-37,0.14,-7.0,0.29,-9
864471,0.91,-2,0.47,9.0,0.66,-8
915424,0.85,5,0.44,17.0,0.78,1
950848,0.92,3,0.3,-11.0,0.78,-1
952087,0.7,-1,0.57,17.0,0.82,-3
895148,0.92,16,0.5,2.0,0.59,-9
919322,0.79,2,0.42,9.0,0.81,0
890861,0.64,-6,0.33,-9.0,0.69,-1
918938,0.63,-11,0.48,-9.0,0.74,0
921408,0.82,-7,0.44,-11.0,0.78,-4
921530,0.64,-23,0.12,-30.0,0.78,6
910228,0.63,-8,0.26,-17.0,0.74,-9
930636,0.78,-10,0.47,-9.0,0.86,-6
938696,0.7,-30,0.33,-5.0,0.67,3
948446,0.61,-7,0.31,-12.0,0.6,4
950521,0.77,9,0.29,-11.0,0.57,-7
893773,0.9,7,0.59,20.0,0.73,-8
909181,0.69,18,0.22,-9.0,0.74,-10
911135,0.89,5,0.5,5.0,0.85,-1
930348,0.43,-13,0.25,,0.62,-12
920592,0.91,12,0.57,8.0,0.66,-16
924130,0.85,16,0.32,-1.0,0.78,2
927902,0.68,-8,0.33,-4.0,0.64,-5
946494,0.81,-7,0.82,30.0,0.72,-1
695734,0.73,4,0.24,-5.0,0.85,11
704253,0.69,-3,0.51,7.0,0.67,-11
724513,0.72,-11,0.3,-3.0,0.72,2
733032,0.87,-4,0.48,-6.0,0.89,-4
752827,0.48,-13,0.12,-4.0,0.77,9
810916,0.71,1,0.69,20.0,0.81,1
831190,0.76,-4,0.51,13.0,0.71,-11
854280,0.76,-1,0.56,-10.0,0.89,-1
763602,0.77,0,0.58,13.0,0.8,-8
943630,0.56,0,0.34,-4.0,0.69,8
901385,0.81,8,0.2,-44.0,0.72,-16
934275,0.84,-5,0.46,-3.0,0.61,-9
951463,0.65,-21,0.25,-53.0,0.68,-12
953385,0.61,-16,0.47,9.0,0.69,-10
690791,0.84,2,0.43,7.0,0.86,0
703796,0.88,0,0.42,0.0,0.76,-9
715247,0.71,-17,0.17,-19.0,0.77,-5
726087,0.73,0,0.32,-5.0,0.84,-4
740195,0.76,-4,0.31,-10.0,0.83,-1
790818,0.94,16,0.78,18.0,0.82,-6
773662,0.96,5,0.64,10.0,0.89,7
761710,0.9,2,0.35,-21.0,0.75,-3
763659,0.81,-9,0.32,-20.0,0.78,-2
740454,0.74,10,0.27,-9.0,0.69,4
724777,0.95,2,0.69,3.0,0.92,6
724742,0.95,4,0.72,-8.0,0.85,-6
721085,0.92,2,0.76,56.0,0.83,-4
689181,0.82,-1,0.21,-18.0,0.71,9
809020,0.77,12,0.36,2.0,0.74,0
759970,0.91,3,0.52,0.0,0.89,-1
764914,0.9,-6,0.52,4.0,0.86,-7
864331,0.87,0,0.69,6.0,0.83,-4
704873,0.82,-10,0.43,2.0,0.92,-2
816132,0.79,3,0.45,3.0,0.81,6
689203,0.95,11,0.6,10.0,0.85,6
843296,0.87,-6,0.52,15.0,0.79,-8
847313,0.95,2,0.41,-18.0,0.76,-2
843510,0.89,3,0.5,-15.0,0.87,-3
733288,0.93,3,0.72,36.0,0.88,2
890243,0.9,-3,0.5,14.0,0.86,-5
894362,0.73,-5,0.21,-37.0,0.81,1
896705,0.84,12,0.29,-4.0,0.76,-2
906514,0.87,11,0.43,-18.0,0.85,0
898317,0.87,-3,0.49,18.0,0.94,3
902586,0.92,-3,,,0.98,3
906484,0.95,6,0.43,3.0,0.94,2
912697,0.92,8,0.44,19.0,0.85,-1
913472,0.67,-14,0.35,5.0,0.74,0
916854,0.77,-8,0.48,39.0,0.74,-1
918954,0.96,1,0.7,2.0,0.88,-4
922960,0.95,12,0.47,27.0,0.96,0
900494,0.95,6,0.4,-5.0,0.89,1
925691,0.91,5,0.41,-21.0,0.88,1
928291,0.93,-1,0.76,9.0,0.9,-4
932710,0.86,5,0.62,19.0,0.82,-9
938564,0.7,-3,0.3,9.0,0.55,-10
942014,0.93,10,0.5,30.0,0.89,3
942332,0.83,-2,0.46,-7.0,0.83,2
942855,0.94,-4,0.87,17.0,0.83,-2
951366,0.97,2,0.76,2.0,0.85,-5
954420,0.67,9,0.16,-4.0,0.76,5
892203,0.8,-1,0.45,-19.0,0.91,5
895920,0.76,1,0.45,8.0,0.69,0
896055,0.83,-8,0.41,1.0,0.83,6
918407,0.88,-2,0.39,18.0,0.86,7
899003,0.81,-6,0.23,-30.0,0.87,-5
899828,0.89,4,0.32,6.0,0.8,4
901342,0.88,1,0.54,-15.0,0.86,2
901660,0.88,6,0.44,2.0,0.86,5
909673,0.83,5,0.38,-3.0,0.76,7
909092,0.83,-7,0.36,16.0,0.9,20
910058,0.86,8,0.51,5.0,0.81,6
913189,0.88,2,0.27,-26.0,0.88,-3
943916,0.94,8,0.57,20.0,0.87,5
916269,0.87,19,0.41,10.0,0.72,-4
917559,0.81,4,0.2,-6.0,0.85,2
935244,0.57,-13,0.35,17.0,0.83,0
918830,0.93,-1,0.29,-31.0,0.93,1
952885,0.71,9,0.3,-1.0,0.72,14
924008,0.87,1,0.33,-5.0,0.9,-5
904203,0.92,10,0.62,5.0,0.77,-4
925349,0.84,4,0.36,6.0,0.86,1
925551,0.85,-1,0.37,2.0,0.79,-2
925535,0.84,3,0.56,-11.0,0.82,5
930660,0.92,2,0.5,7.0,0.89,7
935832,0.9,0,0.54,-5.0,0.92,6
938009,0.83,-2,0.34,-27.0,0.83,0
939596,0.8,-1,0.57,28.0,0.81,6
962646,0.8,-6,0.39,3.0,0.87,0
945978,0.88,6,0.29,4.0,0.91,-3
948187,0.62,-6,0.15,4.0,0.83,8
954403,0.89,-4,0.28,-26.0,0.93,3
918440,0.83,-9,0.28,-9.0,0.84,5
704261,0.86,-5,0.51,-2.0,0.73,4
720240,0.85,0,0.49,-1.0,0.78,1
830410,0.91,11,0.57,2.0,0.76,-2
845361,0.92,9,0.56,-11.0,0.73,-9
851116,0.85,-3,0.66,-15.0,0.77,-2
855006,0.93,3,0.9,25.0,0.64,-2
901121,0.81,13,0.33,15.0,0.48,-6
895237,0.75,4,0.38,-4.0,0.61,3
909319,0.69,3,0.12,-15.0,0.55,-18
920622,0.63,-25,0.44,15.0,0.69,-7
923354,0.89,10,0.08,-24.0,0.67,-8
923486,0.91,12,0.4,19.0,0.88,3
923613,0.85,8,,,0.9,-5
924679,0.78,3,0.31,4.0,0.57,-9
941298,0.89,25,0.75,25.0,0.73,-1
892939,0.9,-4,0.3,-15.0,0.83,7
910872,0.8,0,0.55,16.0,0.62,0
937657,0.79,-11,,,0.69,-8
689939,0.93,7,0.43,-20.0,0.7,-15
814962,0.94,-5,0.76,-22.0,0.83,-7
892416,0.79,-5,0.49,-6.0,0.86,-1
925365,0.6,-6,0.19,3.0,0.59,-13
904767,0.8,-9,0.32,-12.0,0.82,-2
924431,0.92,31,0.61,29.0,0.68,0
932434,0.87,-4,0.52,10.0,0.67,-7
937916,0.79,-4,0.65,2.0,0.79,16
902747,0.77,-6,0.34,-17.0,0.57,-23
893064,0.74,-8,0.45,-14.0,0.75,-13
893323,0.86,5,0.45,3.0,0.76,-1
894060,0.87,6,0.39,-12.0,0.76,-3
895792,0.88,4,0.51,-1.0,0.88,4
902551,0.84,7,0.37,0.0,0.89,2
907383,0.87,-2,0.49,-4.0,0.89,1
908274,0.74,23,0.42,6.0,0.85,-8
918253,0.78,10,0.44,24.0,0.79,-10
927724,0.7,-3,0.21,-21.0,0.84,-5
902636,0.71,-11,0.58,1.0,0.65,-9
968729,0.83,4,0.54,6.0,0.82,6
945196,0.48,-36,0.36,19.0,0.71,-8
948870,0.72,-1,0.33,-6.0,0.58,-15
711098,0.75,-2,0.23,0.0,0.81,4
723630,0.81,8,0.67,24.0,0.81,8
751103,0.88,9,0.5,-14.0,0.76,-3
786691,0.9,2,0.67,32.0,0.7,-2
801275,0.74,-8,0.4,7.0,0.7,-5
813389,0.8,15,0.18,-21.0,0.72,-8
844012,0.7,-1,0.38,2.0,0.78,1
852775,0.7,-3,0.4,-8.0,0.68,-10
773050,0.8,-5,0.45,12.0,0.74,-2
836788,0.76,-1,0.42,-16.0,0.76,-10
864366,0.86,12,0.58,1.0,0.81,0
689351,0.85,-9,0.79,40.0,0.75,9
730963,0.94,1,,,0.89,-3
777196,0.9,-7,0.68,10.0,0.92,7
783358,0.69,-5,0.57,9.0,0.84,-3
912565,0.73,-27,0.65,17.0,0.44,2
940666,0.43,-3,,,0.78,-7
924784,0.75,15,0.41,3.0,0.52,-11
929336,0.61,-10,0.67,0.0,0.4,-15
890073,0.87,0,0.51,16.0,0.84,0
892670,0.31,-19,0.32,1.0,0.32,-9
899305,0.76,-10,0.38,-14.0,0.82,-6
901644,0.74,-5,0.4,6.0,0.45,-15
902420,0.64,-11,0.32,-6.0,0.43,-17
906581,0.72,1,0.47,7.0,0.68,9
912824,0.86,-1,0.36,1.0,0.63,4
912956,0.85,6,0.43,-3.0,0.64,-8
914908,0.78,4,0.49,22.0,0.67,2
918024,0.8,0,0.47,-9.0,0.64,-10
918156,0.78,-10,0.59,14.0,0.59,-7
923745,0.91,-1,,,0.97,-1
923877,0.85,6,0.37,-5.0,0.8,6
904503,0.94,0,0.71,3.0,0.82,1
925560,0.86,0,0.58,15.0,0.77,-3
927430,0.79,21,0.5,17.0,0.41,-5
930113,0.73,-20,0.69,-1.0,0.61,-7
931934,0.85,4,0.52,5.0,0.86,-3
944939,0.84,-3,0.49,8.0,0.65,-7
940437,0.71,-11,0.41,2.0,0.61,-4
941743,0.84,2,0.33,8.0,0.82,-1
942162,0.67,5,0.3,-7.0,0.78,4
945846,0.88,-5,0.61,-9.0,0.76,8
951439,0.62,-22,0.06,-55.0,0.51,-12
952346,0.93,-7,0.54,31.0,0.79,8
954551,0.66,14,0.33,-4.0,0.76,-6
798193,0.89,1,0.6,-8.0,0.83,5
687111,0.86,4,0.46,4.0,0.69,-7
689360,0.79,-5,0.45,6.0,0.92,1
691798,0.65,-8,0.33,-13.0,0.93,32
690961,0.79,-3,0.46,-2.0,0.75,1
694550,0.92,0,,,0.98,1
695947,0.91,1,0.45,13.0,0.81,1
702935,0.74,6,0.27,-11.0,0.86,12
707589,0.84,17,0.73,-13.0,0.73,6
731951,0.94,0,0.72,8.0,0.94,4
707708,0.88,-7,0.62,16.0,0.83,7
723096,0.96,0,0.83,35.0,0.54,-5
723428,0.9,14,0.5,15.0,0.73,1
728055,0.78,-7,0.11,-21.0,0.92,3
728063,0.92,27,0.36,15.0,0.86,16
729019,0.8,-9,0.34,3.0,0.72,1
730653,0.87,15,0.64,16.0,0.91,10
730882,0.82,5,0.42,5.0,0.9,-4
731820,0.84,-3,0.53,-2.0,0.84,1
732443,0.83,18,0.54,16.0,0.8,11
734080,0.86,-7,0.65,-2.0,0.78,1
738115,0.79,-13,0.19,-34.0,0.92,6
763772,0.79,7,0.36,4.0,0.91,11
776360,0.64,-20,0.38,-3.0,0.76,0
694193,0.83,10,0.28,-5.0,0.87,4
751537,0.79,-4,0.44,7.0,0.82,-3
815160,0.93,23,0.51,19.0,0.9,7
814954,0.81,-10,0.47,13.0,0.91,5
689831,0.82,-8,0.74,-5.0,0.89,17
834718,1.0,4,,,1.0,0
733024,0.65,-25,0.45,-8.0,0.78,-1
685550,0.67,-11,0.23,-9.0,0.65,-5
838268,0.86,-3,0.43,-24.0,0.93,14
890227,0.9,-2,0.5,-9.0,0.87,-4
890723,0.87,-4,0.33,-19.0,0.96,3
890880,0.84,-1,0.3,-6.0,0.82,4
895016,0.53,-19,0.16,-9.0,0.73,5
895407,0.82,-11,0.4,5.0,0.89,-2
897744,0.65,-12,,,0.62,-14
899178,0.49,9,0.16,-5.0,0.76,9
900087,0.25,-24,0.0,-13.0,0.48,-8
899437,0.69,15,0.15,0.0,0.8,9
901474,0.24,18,,,0.72,3
903469,0.82,1,0.18,5.0,0.77,4
903590,0.56,-4,0.12,-5.0,0.63,2
892483,0.64,-4,,,0.89,-11
904112,0.8,-9,0.14,-4.0,0.85,-3
904635,0.37,-13,0.21,-12.0,0.61,16
937592,0.88,-5,0.36,-5.0,0.88,2
906450,0.95,1,0.24,-17.0,0.95,2
906840,0.79,18,0.28,4.0,0.7,4
908665,0.42,5,0.14,1.0,0.61,2
909572,0.92,-1,0.3,-26.0,0.76,-9
909602,0.84,-8,0.55,-8.0,0.96,-1
910481,0.86,-7,0.26,-25.0,0.8,-9
912174,0.33,-29,0.1,-24.0,0.57,-16
912301,0.25,-37,0.14,-2.0,0.85,10
912360,0.81,7,0.42,22.0,0.79,17
915688,0.82,3,0.25,-8.0,0.94,4
917630,0.86,-3,0.23,-15.0,0.92,0
918547,0.51,-4,0.1,4.0,0.77,2
906736,0.44,-16,0.13,6.0,0.69,-11
920231,0.39,-14,0.04,-11.0,0.46,-7
920576,0.77,-13,0.0,-27.0,0.76,-3
921092,0.65,1,0.25,-15.0,0.72,3
922056,0.82,-7,,,0.95,-3
922315,0.92,4,,,0.97,1
922498,0.73,-4,0.28,14.0,0.83,7
924520,0.86,-2,0.39,4.0,0.95,0
933198,0.78,-10,0.22,-22.0,0.82,3
925136,0.8,0,0.04,-25.0,0.86,4
927384,0.65,-12,0.04,-10.0,0.88,5
928810,0.56,-13,0.26,1.0,0.64,-12
929468,0.57,-19,0.12,0.0,0.81,6
930504,0.91,1,0.43,0.0,0.93,-5
930768,0.85,-2,0.34,-11.0,0.88,-2
931020,0.87,-2,0.3,-2.0,0.87,7
932191,0.25,-32,,,0.6,-8
933759,0.77,3,0.12,-20.0,0.84,5
937266,0.86,-8,0.31,-25.0,0.9,0
938173,0.87,2,0.41,3.0,0.9,-2
939080,0.9,4,0.55,22.0,0.91,6
898910,0.85,4,0.53,1.0,0.95,-1
939609,0.59,-3,0.21,11.0,0.7,-3
949744,0.88,-2,0.5,18.0,0.9,0
941425,0.74,-8,0.17,-3.0,0.8,1
941948,0.78,-13,0.34,-33.0,0.82,-7
941972,0.79,2,0.17,-10.0,0.8,-3
942200,0.77,-2,0.08,-14.0,0.8,7
945250,0.56,-39,0.48,6.0,0.85,5
947407,0.55,-17,0.11,-26.0,0.89,10
949027,0.97,3,,,1.0,2
949353,0.82,-6,0.21,-2.0,0.75,-11
951560,0.65,-4,0.11,-10.0,0.7,2
951749,0.88,0,0.33,-4.0,0.86,13
951951,0.75,4,0.17,-1.0,0.76,4
952605,0.34,-10,0.08,-10.0,0.65,0
952818,0.68,17,0.07,3.0,0.46,7
952990,0.74,2,0.39,6.0,0.82,1
950130,0.91,-2,0.23,-41.0,0.94,4
954039,0.62,-18,0.18,-9.0,0.57,-12
954160,0.73,1,0.25,-2.0,0.82,3
954683,0.62,6,0.03,-7.0,0.85,5
895660,0.86,-4,0.65,5.0,0.77,-7
909700,0.9,19,0.56,27.0,0.63,-7
914380,0.96,2,0.47,-34.0,0.7,-11
915297,0.85,13,0.46,-3.0,0.69,5
917761,0.91,16,0.62,22.0,0.79,1
918130,0.83,-2,0.56,-1.0,0.73,-14
922838,0.85,20,0.54,-24.0,0.63,-12
891630,0.82,17,0.39,21.0,0.75,-6
892807,0.52,-16,,,0.59,-17
896578,0.94,12,0.4,15.0,0.79,-6
898520,0.93,-1,0.43,-3.0,0.84,7
897876,0.77,-15,0.53,,0.95,3
902810,0.52,-17,0.35,5.0,0.52,-3
911526,0.89,18,0.61,33.0,0.74,5
913219,0.96,13,,,0.75,-8
929590,0.83,0,0.44,0.0,0.77,-1
929859,0.93,0,0.56,-10.0,0.72,-2
935050,0.86,1,0.5,0.0,0.77,2
938300,0.82,-15,0.43,-15.0,0.75,-3
935425,0.79,17,0.63,30.0,0.66,-7
937673,0.59,-13,0.23,-21.0,0.73,-1
918415,0.95,0,0.52,10.0,0.67,0
942596,0.52,0,0.29,20.0,0.69,3
942987,0.7,7,0.37,6.0,0.6,-10
944670,0.44,-10,0.11,-31.0,0.49,-7
946648,0.6,-17,0.3,25.0,0.69,-12
948314,0.68,-7,0.29,14.0,0.79,3
949094,0.79,16,0.67,62.0,0.95,12
899283,0.93,2,0.67,2.0,0.91,6
900214,0.88,-5,0.59,13.0,0.75,5
909831,0.97,12,0.76,6.0,0.85,3
909050,0.93,5,0.71,5.0,0.86,-4
914770,0.87,-5,0.72,24.0,0.88,3
918679,0.92,1,0.88,25.0,0.86,-4
931284,0.85,0,0.64,5.0,0.72,-5
932450,0.93,2,0.62,3.0,0.78,-1
953555,0.72,-10,0.55,26.0,0.73,-6
947253,0.9,-6,0.45,-16.0,0.78,6
732320,0.78,-2,0.54,16.0,0.76,0
753009,0.89,3,0.68,-7.0,0.88,2
776726,0.9,9,0.54,6.0,0.82,4
786217,0.85,2,0.68,3.0,0.84,-2
832103,0.82,-1,0.46,-12.0,0.79,7
895458,0.89,0,0.66,16.0,0.81,-5
898090,0.91,8,0.7,23.0,0.81,-2
907499,0.63,-3,0.23,-21.0,0.77,-2
908142,0.95,3,0.84,0.0,0.84,-8
910350,0.76,13,0.36,11.0,0.68,-10
911399,0.87,14,0.39,-40.0,0.77,-1
913340,0.67,-11,0.29,-22.0,0.68,1
914070,0.87,6,0.55,8.0,0.75,-2
917931,0.88,13,0.59,1.0,0.74,-12
918555,0.87,8,0.63,1.0,0.65,-14
920495,0.89,4,0.48,-18.0,0.79,3
936480,0.86,3,0.51,-6.0,0.79,-6
942006,0.87,-4,0.51,-8.0,0.85,2
943894,0.93,20,0.65,-6.0,0.69,-12
950912,0.89,-3,0.27,-23.0,0.85,-4
951048,0.91,5,0.55,9.0,0.79,-3
689661,0.87,-4,0.59,-12.0,0.9,4
745529,0.95,3,0.63,-8.0,0.79,-8
798690,0.83,14,0.46,1.0,0.77,-7
688363,0.93,5,0.79,29.0,0.82,-4
694452,0.9,-4,0.62,8.0,0.92,9
700088,0.82,-18,0.53,-4.0,0.75,10
706523,0.93,0,0.57,-14.0,0.86,2
715824,0.89,-1,0.68,-1.0,0.86,-3
771520,0.91,-1,0.62,0.0,0.84,-6
736163,0.89,2,0.56,4.0,0.85,0
864170,0.93,0,0.71,6.0,0.93,5
728632,0.88,11,0.55,3.0,0.84,-5
849901,0.78,-5,0.38,-1.0,0.88,1
706809,0.88,-2,0.39,-6.0,0.97,4
720488,0.84,29,0.47,8.0,0.74,-2
874888,0.86,-1,0.44,-14.0,0.84,4
748528,0.64,-8,0.5,-4.0,0.66,-6
756709,0.88,-3,0.38,-27.0,0.84,1
765708,0.94,-4,0.54,-5.0,0.95,3
691356,0.83,0,0.57,21.0,0.83,-3
788112,0.89,2,0.51,-1.0,0.87,5
799912,0.85,11,0.37,2.0,0.78,-7
801259,0.75,-2,0.25,1.0,0.83,6
811780,0.85,2,0.63,24.0,0.84,0
849626,0.94,-2,0.32,-5.0,0.92,-5
852546,0.97,1,0.77,0.0,0.92,-3
904040,0.87,0,0.35,-2.0,0.88,1
892998,0.95,3,0.64,16.0,0.94,3
893978,0.96,-1,0.45,-9.0,0.96,2
939585,0.84,-4,0.69,-6.0,0.94,-2
933346,0.95,-2,0.61,-10.0,0.92,2
905020,0.9,-4,0.22,-15.0,0.9,3
904970,0.86,-2,0.35,-11.0,0.83,8
908819,0.83,1,0.38,-11.0,0.87,0
917893,0.79,-9,0.39,12.0,0.8,1
919233,0.75,6,0.45,1.0,0.71,-3
919586,0.85,4,0.55,25.0,0.84,7
921661,0.81,-6,0.23,-9.0,0.87,-6
951714,0.89,6,0.35,2.0,0.91,6
924911,0.89,4,0.29,-17.0,0.89,3
924849,0.99,1,0.69,13.0,0.95,1
926140,0.93,2,0.7,-5.0,0.88,-2
926817,0.94,3,0.55,8.0,0.88,-2
928682,0.9,0,0.56,9.0,0.92,-2
894672,0.95,-1,0.37,-17.0,0.97,4
964809,0.87,-4,0.47,3.0,0.9,2
938106,0.91,-3,0.59,-3.0,0.92,-1
942340,0.82,-5,0.55,4.0,0.82,-1
945508,0.9,-2,0.56,11.0,0.91,1
945455,0.88,2,0.33,-24.0,0.83,-4
946362,0.48,-4,0.41,2.0,0.56,-4
947792,0.87,-2,0.46,-19.0,0.89,-1
947814,0.88,2,0.61,26.0,0.93,2
898285,0.96,4,0.55,7.0,0.86,3
949140,0.95,0,0.36,-26.0,0.93,0
949230,0.9,9,0.41,0.0,0.9,2
952516,0.87,-3,0.41,-17.0,0.91,-2
954292,0.73,-10,0.29,15.0,0.83,1
